SAMEA2623079_1004012_5	Root; k__helio; p__helio_2
SAMEA2591108_1551673_3	Root; k__type_1
SAMEA2623673_2714318_7	Root; k__type_1
SAMEA2622843_1052415_39	Root; k__type_1; p__1_1
SAMEA2622837_1296357_5	Root
SAMEA2622822_496487_17	Root; k__type_1; p__1_1
SAMEA2619766_24392_4	Root; k__helio; p__helio_1
SAMEA2622766_1599054_5	Root; k__helio; p__helio_1
SAMEA2620194_287442_10	Root; k__type_1
SAMEA2621198_1786429_5	Root; k__type_1
SAMEA2623116_1330667_6	Root; k__type_1; p__1_1
SAMEA2622518_2480524_4	Root; k__type_1
SAMEA2591108_1115264_1	Root; k__type_1; p__1_1
SAMEA2621277_3032637_3	Root; k__type_1; p__1_1
SAMEA2620929_575338_3	Root; k__type_1; p__1_1
SAMEA2621076_322415_5	Root
SAMEA2623919_1448537_3	Root; k__type_1
SAMEA2622097_1002179_2	Root
SAMEA2622021_2032039_2	Root; k__type_1; p__1_1
SAMEA2623079_2847202_10	Root; k__type_1; p__1_1
SAMEA2622336_2594958_4	Root; k__type_1
SAMEA2622766_1252431_2	Root; k__type_1
SAMEA2621020_1198219_3	Root; k__type_1
SAMEA2623079_1763600_7	Root; k__type_1; p__1_1
SAMEA2622097_1457957_13	Root
SAMEA2620929_19643_4	Root; k__type_1; p__1_1
SAMEA2591108_248239_14	Root; k__type_1; p__1_1
SAMEA2620081_637397_8	Root; k__type_1; p__1_1
SAMEA2622097_2438045_3	Root; k__helio; p__helio_2
SAMEA2622097_2438045_2	Root; k__helio; p__helio_2
SAMEA2621044_1456650_2	Root; k__type_1; p__1_1
SAMEA2620970_778300_13	Root; k__type_1; p__1_1
SAMEA2621203_2414717_12	Root; k__type_1
SAMEA2621839_1036985_1	Root
SAMEA2619548_2793914_9	Root; k__type_1; p__1_1
SAMEA2620786_2660719_2	Root; k__helio; p__helio_1
SAMEA2619927_1324048_2	Root; k__type_1
SAMEA2621423_375348_4	Root; k__type_1; p__1_1
SAMEA2621045_2007876_7	Root; k__type_1; p__1_1
SAMEA2620979_1292117_4	Root; k__type_1; p__1_1
SAMEA2619970_2376903_2	Root; k__type_1; p__1_1
SAMEA2622316_2032810_3	Root; k__type_1
SAMEA2621536_654804_18	Root
SAMEA2621021_1631110_3	Root; k__type_1
SAMEA2591122_496093_3	Root; k__type_1; p__1_1
SAMEA2622695_1620542_2	Root; k__type_1
SAMEA2591122_713405_6	Root; k__type_1; p__1_1
SAMEA2621075_2724779_5	Root; k__type_1; p__1_1
SAMEA2621221_1590064_8	Root; k__type_1
SAMEA2619399_720605_2	Root; k__type_1; p__1_1
SAMEA2619376_5338_4	Root; k__type_1
SAMEA2620929_2118450_4	Root; k__type_1; p__1_1
SAMEA2622823_939848_22	Root; k__helio; p__helio_6
SAMEA2621020_2402240_12	Root; k__type_1
SAMEA2620979_616676_5	Root; k__type_1
SAMEA2591084_238107_51	Root; k__type_1; p__1_1
SAMEA2622316_2755353_7	Root; k__type_1
SAMEA2591074_1428164_3	Root; k__type_1; p__1_1
SAMEA2621221_903572_1	Root; k__type_1; p__1_1
SAMEA2622710_2374628_24	Root; k__type_1; p__1_1
SAMEA2591122_245107_6	Root; k__type_1; p__1_1
SAMEA2591057_1199620_6	Root; k__type_1
SAMEA2620979_699211_7	Root; k__helio
SAMEA2620339_2097359_5	Root; k__type_1; p__1_1
SAMEA2619376_152_22	Root; k__type_1
SAMEA2621037_1454367_1	Root; k__type_1; p__1_1
SAMEA2621487_777489_1	Root; k__type_1; p__1_1
SAMEA2620979_203537_13	Root; k__type_1
SAMEA2623116_3299606_6	Root
SAMEA2619818_1268_1	Root; k__type_1; p__1_1
SAMEA2622695_218655_2	Root; k__type_1
SAMEA2622478_1634282_16	Root; k__helio
SAMEA2621020_576510_4	Root; k__type_1; p__1_1
SAMEA2622695_1139363_6	Root; k__helio
SAMEA2620979_1307452_3	Root; k__type_1; p__1_1
SAMEA2622452_487207_4	Root; k__type_1; p__1_1
SAMEA2619376_116_38	Root; k__type_1; p__1_1
SAMEA2620979_1080747_4	Root; k__helio; p__helio_2
SAMEA2619782_13961_6	Root; k__helio; p__helio_5
SAMEA2620979_1080747_6	Root; k__helio; p__helio_2
SAMEA2621259_1069194_3	Root; k__type_1
SAMEA2619782_18679_5	Root; k__type_1; p__1_1
SAMEA2619782_76_78	Root; k__type_1; p__1_1
SAMEA2623886_1804124_45	Root; k__type_1; p__1_1
SAMEA2623808_1740844_1	Root; k__type_1; p__1_1
SAMEA2620570_387662_9	Root
SAMEA2622822_1681618_9	Root; k__type_1; p__1_1
SAMEA2622149_1980102_2	Root; k__type_1; p__1_1
SAMEA2591108_74427_4	Root; k__type_1
SAMEA2620979_255452_14	Root; k__type_1
SAMEA2621423_132437_1	Root; k__type_1; p__1_1
SAMEA2621259_2616127_1	Root; k__type_1; p__1_1
SAMEA2621044_2178422_3	Root; k__helio; p__helio_2
SAMEA2622219_4114147_5	Root; k__type_1
SAMEA2619907_1642992_6	Root; k__type_1; p__1_1
SAMEA2621277_2909394_2	Root; k__helio; p__helio_2
SAMEA2621075_2464014_2	Root; k__type_1
SAMEA2591108_1138728_9	Root; k__helio
SAMEA2622097_2119716_13	Root; k__type_1
SAMEA2621132_987846_12	Root; k__type_1; p__1_1
SAMEA2621423_642957_1	Root; k__helio; p__helio_2
SAMEA2623295_2026976_4	Root; k__type_1; p__1_1
SAMEA2623116_65335_10	Root; k__type_1; p__1_1
SAMEA2591108_567714_15	Root; k__type_1
SAMEA2619818_369_4	Root
SAMEA2619802_16128_2	Root; k__type_1; p__1_1
SAMEA2623116_2138046_3	Root; k__type_1
SAMEA2623488_1546523_8	Root; k__type_1; p__1_1
SAMEA2619818_22491_3	Root; k__type_1; p__1_1
SAMEA2619907_873661_11	Root; k__type_1; p__1_1
SAMEA2619952_1844118_4	Root; k__type_1; p__1_4
SAMEA2622074_987509_11	Root
SAMEA2621075_1901080_2	Root; k__helio; p__helio_2
SAMEA2591074_356659_1	Root; k__helio; p__helio_1
SAMEA2622715_148966_7	Root; k__type_1; p__1_1
SAMEA2591074_356659_4	Root
SAMEA2623734_3023417_4	Root; k__type_1; p__1_1
SAMEA2622796_146045_1	Root; k__type_1; p__1_1
SAMEA2621075_294119_44	Root; k__type_1
SAMEA2623446_1545299_1	Root; k__type_1; p__1_1
SAMEA2621155_981157_2	Root; k__type_1; p__1_1
SAMEA2621259_2224741_4	Root; k__type_1
SAMEA2621839_1759784_18	Root; k__type_1
SAMEA2622219_2273633_9	Root; k__helio; p__helio_1
SAMEA2591108_508741_1	Root; k__helio
SAMEA2621020_137842_7	Root; k__type_1
SAMEA2621020_2509357_2	Root; k__type_1
SAMEA2619531_2043101_13	Root; k__type_1
SAMEA2619399_2847318_3	Root; k__type_1; p__1_1
SAMEA2620970_243516_86	Root; k__helio
SAMEA2623116_798889_15	Root; k__type_1; p__1_1
SAMEA2623275_300842_5	Root; k__type_1
SAMEA2622097_839474_4	Root; k__helio; p__helio_2
SAMEA2622316_2540784_15	Root; k__type_1; p__1_1
SAMEA2621812_1032756_6	Root; k__type_1
SAMEA2623135_139002_9	Root; k__type_1
SAMEA2622219_3613845_4	Root; k__helio; p__helio_2
SAMEA2621203_1844378_4	Root; k__helio
SAMEA2622119_968173_8	Root; k__type_1; p__1_1
SAMEA2622837_2214772_3	Root; k__type_1; p__1_1
SAMEA2620081_2493749_7	Root; k__type_1; p__1_1
SAMEA2621401_574189_5	Root; k__type_1
SAMEA2619667_2867_2	Root; k__type_1; p__1_1
SAMEA2623079_2164382_4	Root; k__type_1; p__1_2
SAMEA2620230_27562_7	Root; k__type_1
SAMEA2591122_191356_15	Root; k__type_1; p__1_1
SAMEA2619952_1821841_5	Root; k__helio; p__helio_2
SAMEA2622733_1564909_1	Root; k__type_1; p__1_1
SAMEA2622518_549548_1	Root; k__type_1; p__1_1
SAMEA2620980_1119914_9	Root; k__helio; p__helio_2
SAMEA2622695_1510595_12	Root; k__type_1; p__1_4
SAMEA2620980_1416762_3	Root; k__type_1; p__1_1
SAMEA2591108_1366512_8	Root; k__type_1
SAMEA2622652_17422_2	Root; k__type_1; p__1_1
SAMEA2621216_2293027_2	Root; k__helio; p__helio_1
SAMEA2620081_1111313_8	Root; k__type_1; p__1_1
SAMEA2621203_2294458_3	Root; k__type_1
SAMEA2623446_1457557_6	Root; k__type_1; p__1_1
SAMEA2621401_335277_8	Root
SAMEA2620929_1889583_4	Root; k__type_1; p__1_1
SAMEA2621259_1071545_6	Root; k__type_1; p__1_4
SAMEA2621536_680521_3	Root; k__helio; p__helio_2
SAMEA2619531_1399983_20	Root; k__helio; p__helio_2
SAMEA2619818_394_12	Root; k__type_1; p__1_4
SAMEA2619548_1236059_15	Root; k__type_1; p__1_1
SAMEA2620855_1794210_5	Root; k__helio
SAMEA2622478_1847582_6	Root; k__type_1; p__1_1
SAMEA2622402_14469_1	Root; k__type_1; p__1_1
SAMEA2621013_582678_1	Root; k__type_1; p__1_1
SAMEA2619857_124935_7	Root; k__helio; p__helio_1
SAMEA2621423_91583_48	Root; k__helio; p__helio_2
SAMEA2620979_1281730_1	Root; k__type_1; p__1_1
SAMEA2621509_622888_5	Root; k__helio; p__helio_2
SAMEA2621277_2055901_5	Root; k__type_1; p__1_1
SAMEA2622402_3395205_4	Root; k__type_1; p__1_1
SAMEA2620979_1887267_4	Root; k__type_1
SAMEA2619857_391591_11	Root; k__helio; p__helio_4
SAMEA2591108_1414467_5	Root; k__helio; p__helio_2
SAMEA2619766_10238_7	Root; k__helio; p__helio_2
SAMEA2620672_2015096_3_split_2	Root; k__helio
SAMEA2620570_2523411_16	Root; k__helio; p__helio_1
SAMEA2620259_1871660_2	Root; k__type_1
SAMEA2620756_77093_67	Root; k__type_1; p__1_1
SAMEA2623513_2758011_3	Root; k__type_1; p__1_3
SAMEA2621812_1118336_2	Root; k__type_1; p__1_1
SAMEA2622173_82207_25	Root; k__type_1; p__1_1
SAMEA2623116_1526887_3	Root; k__type_1
SAMEA2622715_1391869_3	Root; k__type_1; p__1_1
SAMEA2622658_1401682_6	Root; k__helio; p__helio_2
SAMEA2619678_621622_11	Root; k__type_1; p__1_1
SAMEA2620786_543922_21	Root; k__type_1; p__1_1
SAMEA2623919_2812720_6	Root; k__type_1; p__1_1
SAMEA2619840_2486130_7	Root; k__type_1; p__1_1
SAMEA2621277_867150_5	Root; k__type_1
SAMEA2620980_740681_71	Root; k__type_1; p__1_1
SAMEA2622452_1123682_7	Root; k__type_1; p__1_1
SAMEA2622837_2510011_5	Root; k__type_1; p__1_1
SAMEA2621423_723361_10	Root; k__helio; p__helio_2
SAMEA2619879_1115031_4	Root; k__type_1
SAMEA2591108_218900_2	Root; k__helio; p__helio_2
SAMEA2621536_543696_4	Root; k__type_1; p__1_2
SAMEA2619678_834915_84	Root; k__type_1; p__1_1
SAMEA2621045_1281069_15	Root; k__type_1; p__1_1
SAMEA2623116_3375428_6	Root; k__type_1; p__1_1
SAMEA2623116_3158637_12	Root; k__type_1; p__1_4
SAMEA2621132_1125729_3	Root; k__type_1; p__1_1
SAMEA2622452_2389362_2	Root; k__helio
SAMEA2621259_1635154_26	Root; k__helio; p__helio_1
SAMEA2620995_2929323_1	Root; k__type_1; p__1_1
SAMEA2621536_1017808_6	Root; k__helio
SAMEA2621277_3079853_9	Root; k__type_1
SAMEA2621487_1102686_4	Root; k__type_1; p__1_1
SAMEA2620979_1070752_3	Root; k__helio
SAMEA2621779_37212_7	Root; k__type_1; p__1_4
SAMEA2622219_358894_40	Root; k__helio; p__helio_2
SAMEA2621277_634071_8	Root; k__helio
SAMEA2619399_2698962_4	Root; k__type_1
SAMEA2621132_3287185_6	Root; k__type_1
SAMEA2620828_1963811_4	Root; k__type_1; p__1_1
SAMEA2619927_1109622_2	Root; k__type_1; p__1_3
SAMEA2622149_590498_2	Root; k__type_1; p__1_1
SAMEA2622695_475850_15	Root; k__type_1; p__1_1
SAMEA2619782_6070_3	Root; k__type_1; p__1_1
SAMEA2621779_920990_5	Root; k__type_1
SAMEA2619818_11610_3	Root; k__type_1
SAMEA2619376_505_50	Root; k__type_1
SAMEA2623059_2481824_2	Root; k__helio
SAMEA2622219_3130959_13	Root; k__helio; p__helio_2
SAMEA2622652_5216_5	Root; k__helio
SAMEA2622817_271216_5	Root
SAMEA2619857_117796_3	Root; k__type_1; p__1_1
SAMEA2622837_2694052_4	Root; k__type_1; p__1_1
SAMEA2623808_1079619_2	Root; k__type_1
SAMEA2620339_928492_2	Root; k__type_1; p__1_1
SAMEA2619531_1460957_10	Root; k__type_1; p__1_1
SAMEA2621401_1303456_7	Root; k__helio; p__helio_1
SAMEA2623627_2862838_2	Root; k__type_1; p__1_1
SAMEA2621020_1683730_8	Root; k__type_1
SAMEA2620979_200182_2	Root; k__type_1
SAMEA2619907_705725_1	Root; k__type_1; p__1_1
SAMEA2621232_2183561_10	Root; k__helio; p__helio_6
SAMEA2622219_2436768_5	Root; k__type_1
SAMEA2620979_335054_4	Root; k__helio; p__helio_1
SAMEA2622219_669380_9	Root; k__type_1; p__1_4
SAMEA2619952_1677347_9	Root; k__type_1; p__1_1
SAMEA2619548_2196513_28	Root; k__type_1; p__1_1
SAMEA2623116_1723938_4	Root; k__type_1
SAMEA2622402_52107_7	Root; k__helio; p__helio_2
SAMEA2619766_24663_10	Root; k__helio; p__helio_1
SAMEA2621044_1345900_3	Root; k__helio; p__helio_2
SAMEA2623756_980485_2	Root; k__helio; p__helio_6
SAMEA2619857_482696_3	Root; k__type_1; p__1_1
SAMEA2623275_815365_6	Root; k__type_1
SAMEA2619857_405215_2	Root; k__type_1; p__1_1
SAMEA2621277_2597444_1	Root; k__helio; p__helio_2
SAMEA2622402_667058_3	Root; k__type_1; p__1_1
SAMEA2619818_2315_6	Root; k__type_1; p__1_1
SAMEA2621423_838368_24	Root; k__type_1; p__1_1
SAMEA2619879_1223599_3	Root; k__helio; p__helio_2
SAMEA2622801_321873_14	Root; k__type_1; p__1_1
SAMEA2591074_637059_2	Root; k__type_1; p__1_1
SAMEA2620929_631349_4	Root; k__type_1; p__1_1
SAMEA2620021_659465_17	Root; k__type_1; p__1_1
SAMEA2591122_1927317_4	Root; k__type_1; p__1_1
SAMEA2621423_1559714_12	Root; k__type_1; p__1_1
SAMEA2619548_214064_2	Root; k__type_1; p__1_1
SAMEA2623627_2805135_39	Root; k__type_1; p__1_1
SAMEA2622822_1061884_2	Root; k__type_1; p__1_1
SAMEA2619782_2875_3	Root; k__type_1; p__1_1
SAMEA2621020_821955_7	Root; k__type_1; p__1_1
SAMEA2621203_2414717_10	Root; k__type_1
SAMEA2622173_1663572_2	Root; k__type_1
SAMEA2622097_1755157_2	Root
SAMEA2623756_1300214_4	Root; k__helio; p__helio_6
SAMEA2619818_1424_7	Root; k__type_1; p__1_1
SAMEA2621509_792543_4	Root; k__helio; p__helio_2
SAMEA2619399_1463837_4	Root; k__type_1; p__1_1
SAMEA2622316_1028038_3	Root; k__type_1; p__1_1
SAMEA2623627_1069644_18	Root; k__type_1; p__1_1
SAMEA2622316_304965_1	Root
SAMEA2620081_1896517_11	Root; k__type_1; p__1_1
SAMEA2621990_1360130_5	Root; k__type_1; p__1_1
SAMEA2620651_1489435_2	Root; k__helio
SAMEA2622097_968367_6	Root; k__type_1; p__1_1
SAMEA2620404_621193_6	Root; k__type_1; p__1_1
SAMEA2620734_306570_36	Root; k__type_1
SAMEA2619840_1154112_9	Root; k__type_1; p__1_1
SAMEA2619678_2065813_4	Root; k__type_1
SAMEA2623116_1111929_2	Root; k__type_1
SAMEA2623135_2054178_3	Root; k__helio; p__helio_2
SAMEA2622219_1393579_16	Root; k__type_1; p__1_4
SAMEA2591122_2294687_35	Root; k__type_1; p__1_1
SAMEA2619952_2350843_20	Root; k__type_1; p__1_1
SAMEA2621254_2433940_9	Root; k__type_1; p__1_1
SAMEA2620979_1389619_2	Root; k__type_1
SAMEA2621075_1582782_1	Root; k__helio; p__helio_2
SAMEA2591108_499059_6	Root; k__type_1
SAMEA2621487_818947_36	Root; k__type_1; p__1_1
SAMEA2623135_1692850_4	Root; k__helio
SAMEA2623426_1843906_8	Root; k__type_1
SAMEA2623673_3000060_20	Root; k__helio; p__helio_2
SAMEA2619879_765630_4	Root; k__helio; p__helio_2
SAMEA2622710_546365_7	Root; k__helio
SAMEA2622119_982967_6	Root; k__type_1; p__1_1
SAMEA2623673_991118_3	Root; k__type_1
SAMEA2620828_2641504_6	Root; k__type_1
SAMEA2622716_706518_12	Root; k__helio; p__helio_2
SAMEA2621076_2557469_4	Root; k__type_1; p__1_1
SAMEA2619907_2329181_24	Root; k__helio; p__helio_5
SAMEA2623059_696232_2	Root; k__helio
SAMEA2622733_3213538_5	Root; k__type_1; p__1_1
SAMEA2622715_805315_15	Root; k__type_1
SAMEA2622842_579105_39	Root; k__type_1; p__1_4
SAMEA2620979_262029_1	Root; k__type_1; p__1_1
SAMEA2621423_1226452_3	Root; k__type_1
SAMEA2623826_3198294_7	Root; k__type_1; p__1_1
SAMEA2621812_1515773_2	Root; k__helio; p__helio_2
SAMEA2621551_2277621_7	Root; k__type_1; p__1_1
SAMEA2619952_598377_9	Root; k__helio; p__helio_1
SAMEA2623116_1769445_3	Root; k__type_1
SAMEA2622219_896449_3	Root
SAMEA2619678_602943_3	Root; k__type_1; p__1_1
SAMEA2623627_565846_3	Root; k__type_1; p__1_1
SAMEA2591057_648810_19	Root; k__type_1
SAMEA2621487_1559565_7	Root; k__type_1
SAMEA2621203_15401_4	Root; k__type_1
SAMEA2621277_1582956_1	Root; k__type_1; p__1_1
SAMEA2623673_2790426_8	Root; k__helio; p__helio_1
SAMEA2621839_1249300_1	Root; k__helio; p__helio_2
SAMEA2619766_58_1	Root; k__type_1; p__1_1
SAMEA2619766_5674_1	Root; k__type_1; p__1_1
SAMEA2619952_567433_4	Root; k__helio
SAMEA2619548_2864805_10	Root; k__type_1; p__1_1
SAMEA2619766_913_22	Root; k__type_1; p__1_1
SAMEA2622842_1863578_2	Root; k__type_1
SAMEA2621839_2332429_3	Root; k__type_1; p__1_1
SAMEA2619782_72_113	Root; k__type_1; p__1_1
SAMEA2620217_233994_8	Root; k__type_1; p__1_1
SAMEA2620194_943871_9	Root; k__type_1; p__1_1
SAMEA2623275_963018_4	Root; k__type_1
SAMEA2622173_1995519_29	Root; k__helio; p__helio_2
SAMEA2621254_861016_7	Root; k__helio; p__helio_2
SAMEA2622843_357902_174	Root; k__type_1; p__1_1
SAMEA2623673_2311083_21	Root
SAMEA2621859_1126630_4	Root; k__helio; p__helio_2
SAMEA2619782_1077_32	Root; k__type_1; p__1_1
SAMEA2623116_2402565_6	Root; k__type_1; p__1_1
SAMEA2620828_2648935_4	Root; k__type_1; p__1_1
SAMEA2620995_3043124_4	Root; k__helio; p__helio_6
SAMEA2591108_1658860_3	Root; k__type_1
SAMEA2622402_2800145_2	Root; k__type_1; p__1_1
SAMEA2619802_5130_1	Root; k__type_1; p__1_1
SAMEA2623116_2087230_9	Root; k__type_1
SAMEA2621045_1519010_12	Root; k__type_1; p__1_1
SAMEA2620980_497774_1	Root; k__type_1; p__1_1
SAMEA2622765_625272_39	Root; k__type_1; p__1_1
SAMEA2622452_174320_16	Root; k__helio; p__helio_2
SAMEA2619548_271141_2	Root; k__helio; p__helio_2
SAMEA2622766_433504_10	Root; k__type_1; p__1_1
SAMEA2619766_64065_4	Root; k__type_1; p__1_1
SAMEA2623919_1299782_10	Root; k__helio; p__helio_2
SAMEA2621779_133093_3	Root; k__type_1; p__1_1
SAMEA2622316_670598_4	Root; k__type_1; p__1_1
SAMEA2619399_2527032_3	Root; k__type_1; p__1_1
SAMEA2620979_1090828_10	Root; k__helio; p__helio_2
SAMEA2619927_1545891_4	Root; k__type_1; p__1_4
SAMEA2621155_1106243_7	Root; k__type_1; p__1_1
SAMEA2591108_1212584_13	Root; k__type_1; p__1_1
SAMEA2621812_882374_25	Root; k__type_1
SAMEA2620979_1178344_60	Root
SAMEA2621779_642979_1	Root; k__type_1; p__1_1
SAMEA2620979_282473_12	Root; k__type_1; p__1_1
SAMEA2623426_2843172_2	Root; k__type_1; p__1_4
SAMEA2623808_2017600_1	Root; k__type_1; p__1_1
SAMEA2622518_727488_6	Root; k__type_1; p__1_1
SAMEA2621020_2249765_12	Root; k__type_1
SAMEA2622316_2557915_25	Root; k__helio; p__helio_2
SAMEA2619857_1137559_10	Root; k__type_1; p__1_1
SAMEA2622796_918022_4	Root; k__type_1; p__1_1
SAMEA2619818_2607_1	Root; k__helio
SAMEA2621221_793712_8	Root; k__helio; p__helio_2
SAMEA2621423_1219162_2	Root; k__type_1; p__1_1
SAMEA2620979_1582675_3	Root; k__type_1; p__1_1
SAMEA2619399_340071_35	Root; k__helio; p__helio_2
SAMEA2620980_40489_5	Root; k__helio; p__helio_2
SAMEA2619840_610519_2	Root; k__type_1; p__1_1
SAMEA2623135_2604250_10	Root; k__type_1; p__1_1
SAMEA2622097_198419_8	Root; k__helio; p__helio_1
SAMEA2619399_2654716_6	Root; k__helio
SAMEA2621423_96682_2	Root; k__type_1; p__1_1
SAMEA2622219_4481206_7	Root; k__helio; p__helio_2
SAMEA2621020_794929_3	Root; k__type_1; p__1_1
SAMEA2620979_489052_4	Root; k__type_1
SAMEA2591108_436797_5	Root; k__type_1
SAMEA2621221_1852282_5	Root; k__helio; p__helio_2
SAMEA2621132_3215762_6	Root; k__type_1; p__1_1
SAMEA2620979_1672927_5	Root; k__type_1
SAMEA2621487_920817_5	Root; k__helio; p__helio_1
SAMEA2623850_3073888_1	Root; k__type_1; p__1_1
SAMEA2621487_2011339_4	Root; k__type_1; p__1_1
SAMEA2622657_1659193_3	Root; k__type_1; p__1_4
SAMEA2620979_660003_9	Root; k__helio; p__helio_1
SAMEA2621839_1228563_4	Root; k__type_1; p__1_1
SAMEA2623135_693479_6	Root; k__type_1; p__1_4
SAMEA2619907_2888032_4	Root; k__type_1; p__1_1
SAMEA2623673_2928436_2	Root; k__type_1; p__1_1
SAMEA2619399_1220811_18	Root; k__type_1; p__1_1
SAMEA2622764_62277_1	Root; k__type_1; p__1_1
SAMEA2622219_2728994_3	Root; k__type_1
SAMEA2621509_429422_1	Root; k__helio; p__helio_2
SAMEA2620404_2515756_2	Root; k__type_1
SAMEA2623734_2783657_2	Root; k__helio; p__helio_2
SAMEA2623116_1967869_7	Root; k__type_1; p__1_1
SAMEA2619802_13428_3	Root; k__type_1
SAMEA2619531_964911_1	Root; k__type_1; p__1_1
SAMEA2621203_1764108_14	Root; k__type_1
SAMEA2621155_2236281_4	Root; k__type_1; p__1_1
SAMEA2620666_14551_7	Root; k__type_1; p__1_1
SAMEA2622376_1542557_10	Root; k__helio; p__helio_2
SAMEA2622765_394152_22	Root; k__type_1; p__1_1
SAMEA2622021_2268398_1	Root; k__type_1; p__1_1
SAMEA2623673_1886062_1	Root; k__helio
SAMEA2591122_1975622_8	Root; k__type_1
SAMEA2622173_1771129_13	Root
SAMEA2621176_71027_6	Root; k__type_1; p__1_1
SAMEA2622452_968957_1	Root; k__type_1; p__1_1
SAMEA2620970_1224033_1	Root; k__type_1; p__1_1
SAMEA2619548_1867116_2	Root
SAMEA2620570_1793057_1	Root; k__type_1; p__1_1
SAMEA2619952_2274567_15	Root
SAMEA2619952_2274567_17	Root; k__helio
SAMEA2621075_637026_2	Root; k__type_1
SAMEA2622376_786143_2	Root
SAMEA2623275_1054458_16	Root; k__type_1; p__1_1
SAMEA2619548_647145_2	Root; k__helio; p__helio_2
SAMEA2619766_8261_6	Root; k__type_1; p__1_1
SAMEA2623135_1014618_1	Root; k__type_1; p__1_1
SAMEA2621216_2120175_1	Root; k__helio
SAMEA2620217_808700_4	Root; k__type_1; p__1_1
SAMEA2619667_21729_3	Root; k__type_1; p__1_1
SAMEA2622652_2845_1	Root; k__type_1; p__1_1
SAMEA2621076_2765323_21	Root; k__type_1
SAMEA2622842_2143320_2	Root; k__helio; p__helio_1
SAMEA2623116_2764438_20	Root; k__type_1; p__1_1
SAMEA2619879_938572_8	Root; k__type_1; p__1_1
SAMEA2620979_1404549_10	Root; k__type_1
SAMEA2621101_1357273_2	Root; k__type_1; p__1_3
SAMEA2620855_1884153_5	Root; k__type_1; p__1_1
SAMEA2619766_12761_7	Root; k__type_1; p__1_4
SAMEA2620929_554346_11	Root; k__type_1; p__1_1
SAMEA2621536_905141_4	Root; k__helio; p__helio_2
SAMEA2621132_1844252_3	Root; k__type_1; p__1_1
SAMEA2622568_61469_2	Root; k__type_1; p__1_1
SAMEA2623886_781565_4	Root; k__type_1; p__1_1
SAMEA2621277_303457_3	Root; k__helio; p__helio_2
SAMEA2591108_1691867_4	Root; k__type_1; p__1_1
SAMEA2621044_1001140_1	Root; k__type_1
SAMEA2591057_895026_11	Root; k__type_1; p__1_1
SAMEA2621401_1387370_3	Root; k__type_1; p__1_1
SAMEA2619766_29157_3	Root; k__type_1; p__1_1
SAMEA2622097_1624749_5	Root; k__type_1
SAMEA2620404_283039_7	Root; k__type_1; p__1_1
SAMEA2621221_1654941_8	Root; k__helio; p__helio_2
SAMEA2621198_1724568_4	Root; k__type_1
SAMEA2591108_283752_7	Root
SAMEA2623868_354372_3	Root; k__helio; p__helio_2
SAMEA2619879_313579_3	Root; k__type_1; p__1_1
SAMEA2623826_2378020_5	Root
SAMEA2620230_2107051_4	Root; k__type_1
SAMEA2620979_79587_3	Root; k__type_1; p__1_1
SAMEA2623919_1240647_11	Root; k__helio; p__helio_5
SAMEA2621132_1473180_3	Root; k__type_1
SAMEA2622823_2221224_3	Root; k__type_1; p__1_1
SAMEA2619667_4321_1	Root; k__type_1; p__1_1
SAMEA2621076_2477777_10	Root; k__type_1; p__1_1
SAMEA2621076_1440515_6	Root; k__type_1; p__1_1
SAMEA2623808_3063745_12	Root; k__type_1
SAMEA2619376_479_44	Root; k__type_1; p__1_1
SAMEA2623446_1712242_2	Root; k__type_1; p__1_1
SAMEA2619531_1915020_8	Root; k__type_1; p__1_1
SAMEA2619667_23323_2	Root; k__type_1; p__1_1
SAMEA2620979_1529727_5	Root; k__type_1
SAMEA2620979_1101247_11	Root; k__type_1
SAMEA2619766_7351_5	Root; k__type_1; p__1_1
SAMEA2622219_3461294_1	Root; k__type_1; p__1_1
SAMEA2619531_827535_26	Root; k__type_1; p__1_1
SAMEA2622074_2349373_4	Root; k__type_1; p__1_1
SAMEA2622677_485980_2	Root; k__type_1; p__1_1
SAMEA2619840_2181644_15	Root; k__type_1
SAMEA2621812_1310602_15	Root; k__type_1; p__1_1
SAMEA2619678_1650739_40	Root; k__type_1; p__1_1
SAMEA2621260_2233801_12	Root; k__type_1; p__1_1
SAMEA2621401_1198262_5	Root; k__type_1; p__1_1
SAMEA2620021_2656491_2	Root; k__type_1
SAMEA2622219_3647010_18	Root; k__type_1; p__1_1
SAMEA2619667_9172_1	Root; k__type_1; p__1_1
SAMEA2622074_9592_2	Root; k__type_1
SAMEA2621536_295552_4	Root; k__type_1; p__1_1
SAMEA2621812_1626049_7	Root; k__helio; p__helio_1
SAMEA2621045_1488273_4	Root; k__type_1; p__1_1
SAMEA2620979_220351_3	Root; k__type_1
SAMEA2591057_1177359_1	Root; k__type_1; p__1_1
SAMEA2619766_6745_13	Root; k__type_1; p__1_1
SAMEA2623350_1369692_5	Root; k__type_1; p__1_1
SAMEA2591108_1096621_10	Root; k__type_1
SAMEA2620666_81_27	Root; k__type_1; p__1_1
SAMEA2621020_1227763_6	Root; k__type_1
SAMEA2621401_1527940_6	Root; k__type_1; p__1_1
SAMEA2621990_29857_2	Root; k__type_1; p__1_1
SAMEA2623079_4378542_7	Root; k__type_1; p__1_1
SAMEA2623275_1560332_6	Root; k__helio; p__helio_1
SAMEA2620570_1744605_5	Root; k__helio; p__helio_2
SAMEA2619766_17534_3	Root; k__type_1; p__1_1
SAMEA2619678_1447364_1	Root; k__type_1; p__1_1
SAMEA2619782_199_54	Root; k__helio
SAMEA2622796_2160113_1	Root; k__type_1; p__1_1
SAMEA2620979_1114494_12	Root; k__type_1
SAMEA2623426_2452844_2	Root; k__helio
SAMEA2621401_1377494_6	Root; k__type_1; p__1_1
SAMEA2619879_1000653_1	Root; k__helio; p__helio_2
SAMEA2619399_3283695_1	Root; k__type_1; p__1_1
SAMEA2623673_1018235_10	Root; k__helio; p__helio_1
SAMEA2622097_1428452_3	Root; k__type_1; p__1_1
SAMEA2619802_11395_3	Root; k__type_1; p__1_1
SAMEA2621487_1556363_6	Root; k__type_1; p__1_1
SAMEA2620979_1299418_6	Root; k__type_1; p__1_4
SAMEA2620570_1178324_12	Root
SAMEA2619399_1711990_5	Root; k__type_1; p__1_1
SAMEA2623350_968492_14	Root; k__helio; p__helio_2
SAMEA2623627_1803790_8	Root; k__helio; p__helio_6
SAMEA2621203_3059335_10	Root
SAMEA2623627_784425_12	Root
SAMEA2622173_694549_2	Root; k__type_1; p__1_1
SAMEA2620979_44528_2	Root; k__helio
SAMEA2621779_62779_5	Root; k__type_1
SAMEA2622759_2927040_2	Root; k__type_1; p__1_1
SAMEA2619376_682_10	Root; k__type_1; p__1_1
SAMEA2619667_1232_25	Root; k__type_1; p__1_1
SAMEA2622766_616897_3	Root; k__helio
SAMEA2622765_689348_6	Root; k__type_1
SAMEA2621204_1359830_5	Root; k__helio; p__helio_2
SAMEA2621839_696831_5	Root; k__type_1; p__1_1
SAMEA2621487_1427761_12	Root; k__type_1; p__1_1
SAMEA2623886_179356_1	Root; k__type_1; p__1_3
SAMEA2620979_653788_34	Root; k__type_1
SAMEA2619907_1989336_6	Root; k__type_1; p__1_1
SAMEA2622452_1837411_16	Root; k__type_1; p__1_1
SAMEA2619907_2852013_1	Root; k__type_1; p__1_1
SAMEA2619952_956192_7	Root; k__type_1
SAMEA2619548_201107_3	Root; k__type_1; p__1_1
SAMEA2619782_4856_10	Root; k__type_1; p__1_1
SAMEA2620734_222131_2	Root; k__type_1; p__1_1
SAMEA2623463_1560556_1	Root; k__type_1
SAMEA2621839_2396499_26	Root; k__type_1; p__1_1
SAMEA2622478_3296880_7	Root; k__type_1; p__1_1
SAMEA2623446_116969_1	Root; k__type_1; p__1_1
SAMEA2623275_30206_9	Root; k__type_1
SAMEA2621401_917801_16	Root; k__type_1; p__1_1
SAMEA2621132_2082047_11	Root; k__type_1
SAMEA2623627_722148_5	Root; k__helio; p__helio_1
SAMEA2623627_722148_6	Root; k__helio; p__helio_1
SAMEA2619678_2366871_4	Root; k__type_1; p__1_1
SAMEA2622097_1485695_5	Root; k__helio; p__helio_2
SAMEA2622097_1485695_4	Root; k__helio; p__helio_2
SAMEA2623370_371893_10	Root; k__type_1; p__1_1
SAMEA2622716_685876_6	Root
SAMEA2623850_1247814_1	Root; k__type_1; p__1_1
SAMEA2591108_1491_5	Root; k__type_1; p__1_1
SAMEA2619667_8164_3	Root; k__type_1; p__1_1
SAMEA2621839_2047363_5	Root; k__type_1; p__1_4
SAMEA2621423_38536_4	Root; k__helio; p__helio_1
SAMEA2619907_3194518_3	Root; k__type_1; p__1_1
SAMEA2622219_963034_4	Root; k__type_1; p__1_4
SAMEA2622715_2166039_8	Root; k__type_1; p__1_1
SAMEA2623868_2726402_5	Root; k__helio
SAMEA2623774_1540871_9	Root; k__helio
SAMEA2621155_98458_4	Root; k__type_1; p__1_1
SAMEA2622545_497020_8	Root; k__type_1; p__1_1
SAMEA2623774_3136981_3	Root; k__type_1; p__1_1
SAMEA2621839_795123_23	Root
SAMEA2621221_1194624_2	Root; k__type_1; p__1_1
SAMEA2591122_1254345_1	Root; k__type_1; p__1_1
SAMEA2620828_2111575_7	Root; k__helio
SAMEA2623488_1373546_4	Root; k__type_1; p__1_1
SAMEA2619907_1284327_6	Root; k__helio; p__helio_5
SAMEA2622716_734259_53	Root; k__type_1; p__1_1
SAMEA2622336_1352532_8	Root; k__helio; p__helio_2
SAMEA2621045_2152_12	Root; k__type_1; p__1_1
SAMEA2622695_918696_3	Root; k__type_1; p__1_1
SAMEA2621839_1025607_6	Root; k__type_1; p__1_1
SAMEA2591108_1456451_2	Root; k__type_1
SAMEA2619399_1870269_7	Root; k__type_1; p__1_1
SAMEA2622842_47088_14	Root; k__type_1
SAMEA2622173_2107630_5	Root; k__type_1
SAMEA2621132_2958224_4	Root; k__type_1
SAMEA2620980_506916_6	Root
SAMEA2623673_2454274_2	Root; k__type_1; p__1_1
SAMEA2622518_2681488_9	Root; k__type_1; p__1_1
SAMEA2621044_1691758_1	Root; k__helio; p__helio_2
SAMEA2622219_3605230_5	Root
SAMEA2619376_12716_2	Root; k__type_1; p__1_1
SAMEA2621487_1175673_5	Root; k__helio; p__helio_1
SAMEA2622173_512471_6	Root; k__type_1; p__1_1
SAMEA2619857_390432_7	Root; k__type_1; p__1_1
SAMEA2619952_2129272_5	Root; k__type_1; p__1_4
SAMEA2622765_209739_38	Root; k__type_1; p__1_1
SAMEA2621839_95136_5	Root; k__type_1; p__1_1
SAMEA2621203_1199833_5	Root; k__type_1
SAMEA2622074_2562117_7	Root; k__type_1; p__1_1
SAMEA2620339_2714839_7	Root; k__type_1
SAMEA2620980_410171_3	Root; k__type_1; p__1_1
SAMEA2622710_384694_4	Root; k__helio; p__helio_1
SAMEA2623275_2099480_4	Root; k__type_1
SAMEA2620980_1995190_2	Root; k__type_1; p__1_1
SAMEA2621132_1871398_8	Root; k__helio; p__helio_2
SAMEA2619399_2046495_6	Root; k__type_1
SAMEA2623079_3066221_3	Root; k__type_1; p__1_1
SAMEA2621132_3186623_4	Root; k__type_1
SAMEA2620666_5055_4	Root; k__type_1; p__1_1
SAMEA2622695_1587771_107	Root; k__type_1; p__1_1
SAMEA2621812_1529886_8	Root; k__helio; p__helio_1
SAMEA2619952_1356038_6	Root; k__type_1; p__1_1
SAMEA2591108_1842691_1	Root
SAMEA2623463_73921_2	Root; k__type_1; p__1_1
SAMEA2621216_381233_8	Root; k__helio; p__helio_2
SAMEA2623868_1512133_18	Root; k__helio; p__helio_1
SAMEA2622801_2300419_4	Root; k__type_1; p__1_1
SAMEA2619766_17637_1	Root; k__helio; p__helio_2
SAMEA2620666_6524_6	Root; k__helio; p__helio_6
SAMEA2591098_1001913_8	Root; k__type_1; p__1_1
SAMEA2623794_3320667_8	Root; k__type_1; p__1_1
SAMEA2591108_818106_10	Root; k__type_1
SAMEA2622219_1705877_5	Root; k__type_1
SAMEA2623135_534047_37	Root
SAMEA2619782_760_8	Root; k__helio
SAMEA2623275_1120869_5	Root; k__type_1; p__1_1
SAMEA2622923_2449276_4	Root; k__type_1; p__1_1
SAMEA2620230_1031331_16	Root; k__type_1
SAMEA2622696_970089_10	Root; k__type_1; p__1_3
SAMEA2620570_2349695_4	Root; k__type_1; p__1_1
SAMEA2619802_12087_7	Root; k__type_1; p__1_1
SAMEA2622715_1967581_6	Root; k__type_1
SAMEA2621020_1487425_29	Root
SAMEA2623155_1205428_5	Root; k__type_1; p__1_1
SAMEA2620194_1019720_10	Root; k__type_1
SAMEA2623463_362705_21	Root; k__type_1
SAMEA2623446_1314981_9	Root; k__type_1; p__1_1
SAMEA2622766_213679_12	Root; k__type_1; p__1_3
SAMEA2591057_869140_2_7	Root; k__helio; p__helio_2
SAMEA2621221_2241034_16	Root; k__helio
SAMEA2621779_1016794_2	Root; k__type_1
SAMEA2620979_1126904_12	Root; k__type_1
SAMEA2621839_1737175_2	Root; k__type_1; p__1_1
SAMEA2621044_2272193_2	Root; k__type_1; p__1_1
SAMEA2621779_192709_6	Root; k__helio; p__helio_1
SAMEA2619399_702530_6	Root; k__type_1; p__1_1
SAMEA2622518_676079_1	Root; k__type_1; p__1_1
SAMEA2619376_15765_8	Root; k__type_1; p__1_1
SAMEA2622733_1105806_3	Root; k__type_1; p__1_1
SAMEA2622074_1846858_6	Root; k__type_1; p__1_4
SAMEA2619952_1663645_3	Root; k__type_1
SAMEA2621075_1112764_7	Root; k__helio; p__helio_2
SAMEA2622074_947426_1	Root; k__type_1; p__1_1
SAMEA2619548_518632_4	Root; k__type_1; p__1_1
SAMEA2622097_721176_1	Root; k__helio; p__helio_1
SAMEA2620404_733619_3	Root; k__type_1; p__1_1
SAMEA2620666_34680_3	Root; k__type_1; p__1_1
SAMEA2619667_57260_2	Root; k__type_1; p__1_1
SAMEA2591057_606306_2	Root; k__type_1; p__1_1
SAMEA2621101_1617900_3	Root; k__type_1; p__1_2
SAMEA2623135_1736145_1	Root; k__type_1; p__1_1
SAMEA2591057_154874_21	Root; k__type_1
SAMEA2619548_82552_6	Root; k__helio; p__helio_2
SAMEA2621155_2100246_2	Root; k__helio
SAMEA2591057_459229_2	Root; k__type_1; p__1_1
SAMEA2619766_28677_3	Root; k__type_1; p__1_1
SAMEA2619399_109711_12	Root; k__type_1; p__1_1
SAMEA2623135_1045247_4	Root; k__type_1; p__1_1
SAMEA2620097_293239_24	Root; k__type_1; p__1_1
SAMEA2620217_2824148_4	Root; k__type_1; p__1_1
SAMEA2619399_1854592_9	Root; k__type_1
SAMEA2622690_1507797_19	Root; k__type_1; p__1_1
SAMEA2621401_663727_4	Root; k__helio; p__helio_2
SAMEA2621401_663727_3	Root; k__helio; p__helio_2
SAMEA2622452_2958485_1	Root; k__type_1; p__1_1
SAMEA2621423_1483423_1	Root; k__type_1; p__1_1
SAMEA2619879_718344_2	Root; k__type_1; p__1_1
SAMEA2621839_1432329_10_split_1	Root
SAMEA2621839_1432329_10_split_2	Root; k__helio
SAMEA2621536_381370_2	Root; k__type_1
SAMEA2623116_156226_2	Root; k__type_1
SAMEA2621839_903496_8	Root; k__type_1; p__1_1
SAMEA2623627_181376_3	Root; k__type_1; p__1_1
SAMEA2623886_2473314_9	Root
SAMEA2622652_752_18	Root; k__type_1; p__1_1
SAMEA2622452_1422242_10	Root; k__helio; p__helio_2
SAMEA2619678_59859_7	Root; k__type_1; p__1_1
SAMEA2620979_398982_28	Root; k__type_1
SAMEA2591108_697781_4	Root; k__type_1; p__1_1
SAMEA2621551_2064986_4	Root; k__type_1; p__1_1
SAMEA2623446_1913022_4	Root; k__type_1; p__1_1
SAMEA2621536_804487_3	Root; k__type_1; p__1_1
SAMEA2622097_2299373_1	Root; k__helio; p__helio_2
SAMEA2620828_1255151_3	Root; k__helio; p__helio_2
SAMEA2619376_17652_4	Root; k__type_1; p__1_1
SAMEA2623116_2556646_55	Root; k__type_1; p__1_1
SAMEA2620980_1493218_9	Root; k__type_1; p__1_1
SAMEA2622173_2542404_6	Root; k__type_1
SAMEA2621423_1984023_4	Root; k__type_1
SAMEA2621423_2261983_19	Root; k__helio; p__helio_2
SAMEA2621021_1835693_10	Root; k__type_1; p__1_1
SAMEA2620734_353559_7	Root; k__type_1; p__1_1
SAMEA2623079_1007426_3	Root; k__type_1; p__1_1
SAMEA2620230_760875_4	Root; k__type_1
SAMEA2620979_1081342_1	Root; k__type_1
SAMEA2620970_293003_1	Root; k__type_1; p__1_1
SAMEA2622764_1587798_5	Root; k__type_1; p__1_1
SAMEA2619818_1170_3	Root; k__type_1; p__1_1
SAMEA2621044_1285037_2	Root; k__type_1
SAMEA2621075_1851117_13	Root; k__type_1
SAMEA2619376_10978_7	Root; k__type_1; p__1_1
SAMEA2591108_3099_8	Root; k__type_1
SAMEA2591108_1453870_2	Root
SAMEA2623116_3635802_2	Root
SAMEA2591084_327522_4	Root; k__type_1; p__1_1
SAMEA2622316_686588_6	Root; k__helio; p__helio_1
SAMEA2622796_1860376_5	Root; k__type_1; p__1_1
SAMEA2622822_1932268_7	Root; k__type_1; p__1_1
SAMEA2620979_1128517_3	Root; k__helio
SAMEA2619376_864_19	Root; k__type_1
SAMEA2622452_3096909_8	Root; k__helio; p__helio_1
SAMEA2620230_1159560_10	Root; k__type_1
SAMEA2621487_482081_14	Root; k__type_1; p__1_1
SAMEA2622764_394196_2	Root; k__type_1; p__1_1
SAMEA2621779_359540_25	Root; k__type_1
SAMEA2623079_2629121_12	Root; k__type_1; p__1_1
SAMEA2621132_2162483_7	Root; k__type_1; p__1_4
SAMEA2591057_169883_4	Root; k__type_1; p__1_1
SAMEA2619782_15118_4	Root; k__type_1; p__1_1
SAMEA2620979_1670346_8	Root; k__type_1; p__1_1
SAMEA2623275_2147295_2	Root; k__type_1
SAMEA2591108_1461729_6	Root; k__type_1
SAMEA2619678_398018_12	Root; k__type_1; p__1_1
SAMEA2591074_180874_3	Root; k__type_1; p__1_1
SAMEA2620230_818011_5	Root; k__type_1; p__1_1
SAMEA2619399_3047940_10	Root; k__type_1; p__1_1
SAMEA2623734_975945_3	Root; k__type_1
SAMEA2623426_67398_5	Root; k__helio
SAMEA2620404_2252254_15	Root; k__type_1; p__1_1
SAMEA2620980_1947042_2	Root; k__type_1; p__1_1
SAMEA2621203_2439172_7	Root; k__type_1
SAMEA2622219_346755_12	Root; k__helio; p__helio_1
SAMEA2621839_2255614_2	Root; k__type_1; p__1_1
SAMEA2620979_1418061_2	Root; k__type_1
SAMEA2622764_822064_9	Root; k__type_1; p__1_1
SAMEA2619782_1618_18	Root
SAMEA2620021_2398382_47	Root; k__type_1; p__1_1
SAMEA2621812_167166_1	Root; k__type_1; p__1_1
SAMEA2622173_954313_4	Root; k__type_1; p__1_1
SAMEA2620979_35783_3	Root; k__type_1
SAMEA2620929_2578489_3	Root; k__helio; p__helio_2
SAMEA2623808_2855069_2	Root
SAMEA2620230_116006_2	Root; k__type_1; p__1_1
SAMEA2621132_686306_3	Root
SAMEA2622219_203782_3	Root; k__helio; p__helio_1
SAMEA2619766_139_7	Root; k__type_1; p__1_1
SAMEA2591098_31178_1	Root; k__type_1; p__1_1
SAMEA2622219_812855_17	Root; k__helio; p__helio_2
SAMEA2622219_31349_4	Root; k__helio; p__helio_6
SAMEA2619548_1963449_4	Root; k__type_1; p__1_1
SAMEA2619399_467008_3	Root; k__type_1; p__1_1
SAMEA2621487_1177319_3	Root; k__type_1
SAMEA2621260_77361_10	Root; k__type_1
SAMEA2620970_486096_44	Root; k__type_1; p__1_1
SAMEA2621221_653827_8	Root; k__helio; p__helio_2
SAMEA2623627_1310370_9	Root; k__type_1; p__1_1
SAMEA2622690_549458_12	Root; k__type_1; p__1_1
SAMEA2622173_1016075_20	Root; k__helio
SAMEA2622097_1418923_9	Root; k__helio
SAMEA2622710_2588215_7	Root; k__type_1; p__1_1
SAMEA2591108_403592_1	Root; k__type_1
SAMEA2621536_1374077_4	Root; k__type_1
SAMEA2619782_5100_3	Root; k__type_1; p__1_1
SAMEA2621020_1983640_11	Root; k__type_1; p__1_1
SAMEA2622316_1666072_2	Root; k__type_1; p__1_1
SAMEA2621203_517470_4	Root; k__type_1
SAMEA2623116_2007446_5	Root; k__type_1
SAMEA2619548_2069993_3	Root; k__type_1; p__1_1
SAMEA2619678_696483_6	Root; k__helio; p__helio_6
SAMEA2621254_535265_1	Root; k__type_1; p__1_1
SAMEA2620979_686649_4	Root; k__type_1; p__1_1
SAMEA2623059_347759_10	Root; k__type_1
SAMEA2621045_1926131_2	Root; k__type_1; p__1_1
SAMEA2621812_1150182_2	Root; k__type_1; p__1_1
SAMEA2619802_13675_2	Root; k__helio; p__helio_2
SAMEA2619399_2620831_4	Root; k__helio; p__helio_2
SAMEA2619531_914510_20	Root; k__type_1
SAMEA2621075_1677285_1	Root; k__helio; p__helio_2
SAMEA2622478_2884049_7	Root; k__type_1; p__1_1
SAMEA2621203_2499599_14	Root; k__type_1
SAMEA2620979_1030259_5	Root; k__type_1
SAMEA2620035_761221_2	Root; k__helio; p__helio_6
SAMEA2623116_1836973_1	Root; k__type_1
SAMEA2622316_1897043_10	Root
SAMEA2621812_565275_12	Root; k__type_1
SAMEA2622766_542323_14	Root; k__helio; p__helio_1
SAMEA2622843_2400007_4	Root; k__helio; p__helio_2
SAMEA2622376_1413333_13	Root
SAMEA2621203_102706_14	Root; k__type_1
SAMEA2619548_1753952_3	Root; k__helio; p__helio_2
SAMEA2619802_16902_1	Root; k__type_1
SAMEA2619766_249_6	Root; k__type_1; p__1_1
SAMEA2621021_2229152_2	Root; k__helio; p__helio_1
SAMEA2623919_1141576_4	Root; k__type_1; p__1_1
SAMEA2621221_2577010_4	Root; k__helio
SAMEA2620570_898564_4	Root; k__type_1; p__1_1
SAMEA2621037_1513495_8	Root; k__helio
SAMEA2621221_2388300_2	Root; k__type_1
SAMEA2621155_1303268_4	Root; k__type_1; p__1_1
SAMEA2620979_1826476_12	Root; k__type_1
SAMEA2621021_1978021_42	Root; k__type_1; p__1_1
SAMEA2621203_2922243_7	Root; k__type_1
SAMEA2619399_1419048_41	Root; k__type_1
SAMEA2623673_937464_5	Root; k__type_1; p__1_1
SAMEA2619667_60_81	Root; k__helio; p__helio_6
SAMEA2619952_1631665_20	Root; k__type_1
SAMEA2620970_1219282_5	Root; k__type_1; p__1_4
SAMEA2623135_2383291_2	Root; k__type_1; p__1_1
SAMEA2623135_747693_29	Root; k__helio; p__helio_2
SAMEA2623756_1620053_1	Root; k__type_1; p__1_1
SAMEA2620980_769391_30	Root; k__helio; p__helio_6
SAMEA2622173_1729339_28	Root; k__type_1; p__1_4
SAMEA2619531_996360_3	Root; k__type_1; p__1_1
SAMEA2623488_806804_6	Root; k__helio; p__helio_2
SAMEA2623756_3130992_3	Root; k__helio
SAMEA2621221_520376_10	Root; k__helio; p__helio_1
SAMEA2621045_1018390_7	Root; k__type_1; p__1_1
SAMEA2623868_3656591_2	Root; k__type_1; p__1_1
SAMEA2621401_342230_2	Root; k__type_1; p__1_1
SAMEA2621222_592378_3	Root; k__type_1; p__1_1
SAMEA2623135_507008_10	Root
SAMEA2620828_822717_11	Root; k__helio
SAMEA2620980_1729517_59	Root; k__type_1; p__1_1
SAMEA2623116_259337_5	Root
SAMEA2622219_871761_6	Root
SAMEA2619531_1738509_8	Root; k__type_1
SAMEA2623919_2273661_4	Root; k__type_1
SAMEA2621839_1125493_21	Root; k__type_1
SAMEA2622695_1239205_8	Root; k__type_1; p__1_1
SAMEA2621203_3055712_1	Root; k__type_1
SAMEA2621076_546360_42	Root; k__type_1; p__1_1
SAMEA2619766_2652_19	Root; k__type_1
SAMEA2622376_2081363_10	Root; k__helio; p__helio_2
SAMEA2619399_2504432_5	Root; k__type_1; p__1_1
SAMEA2622219_2257336_4	Root; k__type_1; p__1_1
SAMEA2621044_370477_7	Root; k__helio; p__helio_2
SAMEA2622690_975144_3	Root; k__type_1; p__1_1
SAMEA2619840_1979888_69	Root; k__type_1; p__1_1
SAMEA2621045_90758_3	Root; k__type_1; p__1_1
SAMEA2621132_2944045_9	Root; k__type_1
SAMEA2621812_1432132_3	Root; k__type_1; p__1_1
SAMEA2621859_1270631_2	Root; k__type_1
SAMEA2621779_592057_3	Root; k__type_1
SAMEA2619399_978445_2	Root; k__type_1
SAMEA2619548_1969749_2	Root; k__type_1; p__1_1
SAMEA2620979_483730_21	Root; k__helio
SAMEA2621101_743782_2	Root; k__type_1; p__1_2
SAMEA2622119_2686883_8	Root; k__type_1; p__1_1
SAMEA2620672_1088177_6	Root; k__type_1; p__1_1
SAMEA2619548_337353_3	Root; k__helio; p__helio_2
SAMEA2621132_2587687_6	Root; k__helio
SAMEA2623079_4240554_6	Root; k__helio; p__helio_1
SAMEA2622316_1124079_11	Root; k__helio; p__helio_1
SAMEA2619766_7030_8	Root; k__type_1; p__1_1
SAMEA2619399_1523901_22	Root; k__type_1
SAMEA2621423_1245824_45	Root; k__type_1; p__1_1
SAMEA2623116_138347_1	Root
SAMEA2621020_2500473_9	Root; k__type_1; p__1_1
SAMEA2622690_1780700_5	Root; k__type_1; p__1_1
SAMEA2623886_1975899_3	Root; k__type_1
SAMEA2622452_2134021_1	Root; k__type_1; p__1_1
SAMEA2591108_207953_13	Root; k__type_1; p__1_1
SAMEA2619399_251488_4	Root; k__helio; p__helio_2
SAMEA2620979_744779_3	Root; k__type_1
SAMEA2619399_251488_3	Root; k__helio
SAMEA2619927_781061_2	Root; k__type_1; p__1_1
SAMEA2620734_1657085_4	Root; k__type_1; p__1_4
SAMEA2623513_1203287_4	Root; k__helio; p__helio_2
SAMEA2623734_1990164_2	Root; k__helio
SAMEA2622923_2366066_2	Root; k__type_1; p__1_1
SAMEA2619840_1488387_13	Root; k__type_1; p__1_1
SAMEA2621075_2553554_7	Root; k__type_1; p__1_1
SAMEA2623774_1725582_34	Root
SAMEA2623155_1674724_22	Root; k__helio; p__helio_5
SAMEA2621859_2149275_5	Root; k__type_1
SAMEA2623734_455364_2	Root; k__type_1
SAMEA2620979_1441835_5	Root; k__helio; p__helio_2
SAMEA2623275_560677_3	Root; k__type_1; p__1_1
SAMEA2622923_52265_18	Root; k__type_1; p__1_1
SAMEA2621259_999759_3	Root; k__type_1
SAMEA2622765_2234809_12	Root; k__type_1; p__1_1
SAMEA2622119_1314420_4	Root; k__type_1; p__1_1
SAMEA2623627_2069935_1	Root; k__type_1; p__1_1
SAMEA2621259_1462221_5	Root; k__type_1
SAMEA2619399_3021047_12	Root; k__type_1; p__1_4
SAMEA2621277_1821383_9	Root; k__type_1; p__1_1
SAMEA2623627_483156_19	Root; k__type_1
SAMEA2622219_2193168_4	Root; k__type_1
SAMEA2620194_688941_8	Root; k__type_1; p__1_4
SAMEA2621401_1395001_4	Root; k__type_1; p__1_1
SAMEA2621044_1260188_5	Root; k__type_1; p__1_1
SAMEA2621779_1328435_5	Root
SAMEA2619399_1889752_3	Root
SAMEA2623488_879141_4	Root; k__type_1; p__1_1
SAMEA2623627_1822892_14	Root; k__type_1; p__1_1
SAMEA2619766_6104_2	Root; k__type_1
SAMEA2622545_1100904_3	Root; k__type_1; p__1_1
SAMEA2620230_2049013_2	Root; k__type_1
SAMEA2620666_8116_4	Root; k__type_1; p__1_1
SAMEA2591108_1517065_1	Root; k__helio
SAMEA2623079_4125639_4	Root; k__type_1; p__1_1
SAMEA2622796_1352623_4	Root; k__type_1; p__1_1
SAMEA2619548_2907062_10	Root; k__type_1; p__1_1
SAMEA2621020_809721_2	Root; k__type_1; p__1_1
SAMEA2622452_1748170_7	Root; k__type_1; p__1_4
SAMEA2620979_195288_4	Root; k__type_1
SAMEA2619907_1254734_10	Root; k__type_1; p__1_1
SAMEA2623059_717255_32	Root; k__helio; p__helio_2
SAMEA2622336_1351964_3	Root; k__type_1
SAMEA2621260_956261_16	Root; k__type_1; p__1_1
SAMEA2622021_1607080_1	Root; k__type_1; p__1_1
SAMEA2622219_3114835_5	Root; k__type_1
SAMEA2591108_902452_2	Root; k__type_1; p__1_1
SAMEA2623426_536471_4	Root; k__helio; p__helio_5
SAMEA2621221_1546042_6	Root; k__helio; p__helio_2
SAMEA2622737_1246822_10	Root; k__type_1; p__1_1
SAMEA2620929_2240293_15	Root; k__type_1; p__1_1
SAMEA2622402_1408749_3	Root; k__type_1
SAMEA2621423_2037844_1	Root; k__type_1; p__1_1
SAMEA2620979_1214679_14	Root; k__type_1
SAMEA2623116_2636666_29	Root; k__type_1
SAMEA2621221_1991351_3	Root; k__type_1
SAMEA2620404_2008087_3	Root; k__type_1
SAMEA2621203_1962128_8	Root; k__type_1
SAMEA2619399_1929524_5	Root; k__type_1
SAMEA2619531_1795340_7	Root; k__type_1; p__1_1
SAMEA2621259_595405_2	Root; k__type_1
SAMEA2620230_1978717_2	Root; k__type_1; p__1_1
SAMEA2620979_1330443_2	Root; k__helio
SAMEA2620339_2253622_12	Root
SAMEA2621536_1563311_2	Root; k__helio; p__helio_2
SAMEA2623155_1223513_1	Root; k__helio; p__helio_5
SAMEA2591122_268357_9	Root; k__type_1; p__1_1
SAMEA2621839_1130732_21	Root; k__helio
SAMEA2620404_1869347_9	Root; k__type_1; p__1_1
SAMEA2620542_924147_8	Root; k__type_1; p__1_1
SAMEA2619952_979746_6	Root
SAMEA2591108_14133_8	Root; k__type_1
SAMEA2620786_2343129_41	Root; k__type_1
SAMEA2619782_8692_6	Root; k__type_1; p__1_1
SAMEA2619857_1508546_13	Root; k__type_1; p__1_1
SAMEA2623275_621771_1	Root; k__type_1
SAMEA2619952_461955_3	Root; k__helio; p__helio_5
SAMEA2620217_2385835_25	Root; k__type_1; p__1_1
SAMEA2620979_1299316_24	Root; k__type_1; p__1_4
SAMEA2619678_815378_49	Root; k__type_1; p__1_1
SAMEA2623275_1008867_4	Root; k__type_1
SAMEA2622402_3172137_3	Root; k__helio; p__helio_2
SAMEA2621487_1684918_1	Root; k__type_1; p__1_1
SAMEA2620081_2093671_3	Root; k__type_1; p__1_1
SAMEA2623116_3132600_6	Root; k__helio; p__helio_1
SAMEA2619802_3985_6	Root; k__type_1; p__1_1
SAMEA2621259_970734_10	Root; k__type_1
SAMEA2619818_3686_11	Root; k__type_1; p__1_1
SAMEA2621203_2121054_8	Root; k__type_1
SAMEA2623627_1788823_11	Root; k__type_1; p__1_1
SAMEA2622715_1810506_3	Root; k__type_1
SAMEA2621203_1345481_9	Root; k__type_1
SAMEA2623116_3369095_22	Root; k__type_1
SAMEA2622657_1154659_4	Root; k__type_1; p__1_1
SAMEA2622402_1292204_3	Root; k__type_1; p__1_1
SAMEA2621423_1166660_1	Root; k__type_1; p__1_1
SAMEA2621020_2395776_26	Root; k__type_1
SAMEA2623868_2435291_1	Root; k__type_1; p__1_1
SAMEA2621839_920654_2	Root; k__type_1; p__1_1
SAMEA2620979_1254307_2	Root; k__type_1
SAMEA2619376_8091_2	Root; k__type_1; p__1_1
SAMEA2621859_1709031_2	Root; k__type_1
SAMEA2619376_968_12	Root; k__type_1
SAMEA2622923_812549_14	Root; k__type_1; p__1_1
SAMEA2620890_1636958_4	Root
SAMEA2619952_99193_4	Root; k__type_1; p__1_1
SAMEA2620979_1714800_2	Root; k__type_1; p__1_1
SAMEA2623116_2292621_14	Root; k__type_1; p__1_1
SAMEA2619907_1433952_2	Root; k__type_1; p__1_1
SAMEA2591084_1130515_9	Root; k__type_1; p__1_1
SAMEA2619399_3406468_12	Root; k__type_1; p__1_1
SAMEA2619399_926039_3	Root; k__helio; p__helio_2
SAMEA2621075_909356_4	Root; k__type_1
SAMEA2621216_1008619_7	Root; k__helio; p__helio_1
SAMEA2623079_3255696_4	Root; k__type_1; p__1_1
SAMEA2619667_28243_1	Root; k__type_1; p__1_1
SAMEA2591108_1607884_15	Root; k__type_1; p__1_1
SAMEA2622336_1302664_4	Root; k__type_1; p__1_1
SAMEA2622837_2773651_11	Root; k__type_1; p__1_1
SAMEA2591122_1125353_5	Root; k__type_1; p__1_1
SAMEA2621076_1883953_1	Root; k__type_1; p__1_1
SAMEA2622074_718155_1	Root; k__helio; p__helio_2
SAMEA2623116_2932997_12	Root; k__type_1
SAMEA2619678_752514_75	Root; k__type_1; p__1_1
SAMEA2621044_1635182_3	Root; k__type_1; p__1_1
SAMEA2623116_3639174_17	Root; k__type_1
SAMEA2622316_1640093_29	Root; k__type_1
SAMEA2591108_967123_5	Root; k__type_1; p__1_1
SAMEA2620570_728543_3	Root; k__type_1; p__1_1
SAMEA2621203_846438_1	Root; k__helio; p__helio_6
SAMEA2622219_3384338_5	Root; k__type_1; p__1_1
SAMEA2623488_2119868_5	Root; k__type_1; p__1_1
SAMEA2621221_793712_48	Root; k__helio; p__helio_2
SAMEA2623649_471313_5	Root; k__helio; p__helio_6
SAMEA2622219_143708_6	Root; k__type_1; p__1_1
SAMEA2620000_818948_7	Root; k__type_1; p__1_1
SAMEA2623116_459374_18	Root; k__helio; p__helio_2
SAMEA2621423_890552_4	Root; k__type_1; p__1_1
SAMEA2619782_1925_18	Root; k__helio
SAMEA2622710_1507532_4	Root; k__type_1; p__1_1
SAMEA2620672_2015096_3_split_1	Root; k__helio
SAMEA2622695_1683057_1	Root; k__type_1; p__1_1
SAMEA2620970_762805_2	Root; k__type_1; p__1_1
SAMEA2591122_1900564_2	Root; k__type_1; p__1_1
SAMEA2619952_1701389_4	Root; k__type_1; p__1_1
SAMEA2620979_1153174_1	Root; k__helio; p__helio_1
SAMEA2623756_2724639_2	Root; k__type_1; p__1_1
SAMEA2621812_472993_9	Root; k__helio
SAMEA2620929_562007_5	Root; k__type_1; p__1_1
SAMEA2623116_3298379_10	Root; k__type_1; p__1_1
SAMEA2623850_2346507_4	Root; k__type_1; p__1_1
SAMEA2621812_1025049_31	Root; k__helio; p__helio_1
SAMEA2622097_192069_16	Root; k__type_1
SAMEA2621037_600959_2	Root; k__type_1
SAMEA2621812_640316_4	Root; k__type_1
SAMEA2623919_222399_2	Root; k__type_1; p__1_1
SAMEA2621216_2687082_65	Root
SAMEA2622074_1287994_5	Root; k__type_1; p__1_1
SAMEA2620404_738237_4	Root; k__type_1; p__1_1
SAMEA2620542_1573674_16	Root; k__type_1; p__1_1
SAMEA2623627_2773466_8	Root; k__type_1; p__1_1
SAMEA2619667_18279_8	Root; k__type_1; p__1_1
SAMEA2619840_1030260_6	Root; k__type_1; p__1_1
SAMEA2619766_1029_15	Root; k__helio; p__helio_2
SAMEA2621509_679465_12	Root; k__helio; p__helio_2
SAMEA2623079_4321990_10	Root; k__type_1; p__1_1
SAMEA2621260_1195539_40	Root; k__helio; p__helio_1
SAMEA2623627_2510910_3	Root; k__type_1; p__1_1
SAMEA2620021_1355569_1	Root; k__type_1; p__1_1
SAMEA2623059_2166426_14	Root
SAMEA2622690_2297229_7	Root; k__type_1; p__1_1
SAMEA2619548_200329_9	Root; k__type_1; p__1_1
SAMEA2619927_452494_20	Root; k__type_1; p__1_4
SAMEA2622822_262279_10	Root; k__type_1; p__1_1
SAMEA2620570_904377_16	Root; k__type_1; p__1_1
SAMEA2621839_1283139_9	Root; k__type_1; p__1_1
SAMEA2620979_21821_8	Root; k__type_1; p__1_2
SAMEA2591098_109619_5	Root; k__type_1; p__1_1
SAMEA2619840_332498_4	Root; k__type_1; p__1_1
SAMEA2619927_68355_3	Root; k__type_1
SAMEA2591108_1431962_5	Root; k__type_1
SAMEA2621037_207296_12	Root; k__helio; p__helio_2
SAMEA2619548_1380473_6	Root; k__helio; p__helio_2
SAMEA2622097_1050793_6	Root; k__type_1; p__1_1
SAMEA2620666_2911_22	Root; k__type_1; p__1_1
SAMEA2621203_2353750_4	Root; k__type_1
SAMEA2622219_2210861_2	Root; k__type_1; p__1_4
SAMEA2591108_1504030_5	Root; k__type_1
SAMEA2621259_563308_48	Root; k__type_1
SAMEA2622173_2343852_12	Root; k__type_1
SAMEA2623463_489922_7	Root; k__type_1; p__1_1
SAMEA2621037_653533_3	Root; k__type_1
SAMEA2620828_1625583_1	Root; k__type_1
SAMEA2623135_2189284_2	Root; k__type_1; p__1_1
SAMEA2619531_1917517_3	Root; k__type_1; p__1_1
SAMEA2622695_2056724_7	Root; k__type_1; p__1_4
SAMEA2623826_2535505_7	Root; k__type_1; p__1_1
SAMEA2619376_2425_2	Root; k__type_1; p__1_1
SAMEA2619376_8480_1	Root; k__type_1; p__1_1
SAMEA2620542_2142610_9	Root; k__type_1
SAMEA2622316_2756311_2	Root; k__type_1
SAMEA2620672_1028445_3	Root
SAMEA2619782_20629_6	Root; k__type_1; p__1_1
SAMEA2622097_1111965_6	Root
SAMEA2619879_770754_10	Root; k__helio; p__helio_4
SAMEA2621536_1468556_3	Root; k__helio; p__helio_1
SAMEA2622823_114408_6	Root; k__type_1; p__1_1
SAMEA2621423_1298305_2	Root; k__type_1; p__1_1
SAMEA2623850_3184622_3	Root; k__type_1; p__1_1
SAMEA2623886_520156_11	Root; k__helio; p__helio_2
SAMEA2623116_1329443_9	Root; k__type_1
SAMEA2622316_640431_11	Root; k__type_1; p__1_1
SAMEA2621075_480974_3	Root; k__type_1; p__1_1
SAMEA2591108_599275_5	Root; k__type_1; p__1_1
SAMEA2619531_1038908_20	Root; k__type_1; p__1_1
SAMEA2622316_2302738_6	Root; k__helio; p__helio_1
SAMEA2621075_226992_6	Root; k__type_1; p__1_1
SAMEA2591108_590191_1	Root; k__helio; p__helio_2
SAMEA2621260_813344_4	Root; k__type_1; p__1_1
SAMEA2621536_1277859_13	Root; k__helio; p__helio_2
SAMEA2621221_410743_6	Root; k__helio; p__helio_1
SAMEA2619399_3065632_3	Root; k__type_1; p__1_1
SAMEA2623350_1460445_15	Root; k__helio; p__helio_2
SAMEA2621812_256335_35	Root
SAMEA2621536_1831535_7	Root; k__type_1; p__1_2
SAMEA2621812_161370_17	Root; k__type_1
SAMEA2620339_214956_21	Root; k__helio; p__helio_1
SAMEA2619840_1232665_5	Root; k__type_1; p__1_1
SAMEA2620828_3030764_8	Root; k__helio; p__helio_1
SAMEA2622738_1361998_19	Root; k__type_1; p__1_1
SAMEA2621990_1836470_4	Root; k__helio; p__helio_1
SAMEA2620979_354725_11	Root; k__helio
SAMEA2620666_2012_1	Root; k__helio
SAMEA2623135_2965560_12	Root; k__type_1; p__1_1
SAMEA2623135_153623_1	Root; k__helio; p__helio_2
SAMEA2591122_2250840_26	Root; k__type_1; p__1_1
SAMEA2620980_1802193_30	Root; k__type_1; p__1_1
SAMEA2621066_1483717_1	Root; k__type_1; p__1_1
SAMEA2622219_20311_5	Root
SAMEA2622690_2151581_64	Root; k__type_1; p__1_1
SAMEA2622822_409924_2	Root; k__type_1; p__1_1
SAMEA2622710_2303590_7	Root; k__helio; p__helio_1
SAMEA2621839_2157259_1	Root; k__type_1; p__1_1
SAMEA2623135_1634600_20	Root; k__helio; p__helio_1
SAMEA2622710_620822_20	Root; k__helio; p__helio_2
SAMEA2621277_154909_4	Root; k__helio; p__helio_2
SAMEA2591122_1875186_4	Root; k__type_1; p__1_1
SAMEA2621487_1577529_11	Root; k__helio; p__helio_1
SAMEA2622545_1493156_6	Root; k__helio; p__helio_2
SAMEA2620979_982883_5	Root; k__type_1; p__1_4
SAMEA2620570_1451421_10	Root; k__type_1
SAMEA2591108_1406806_13	Root; k__type_1; p__1_1
SAMEA2622219_626932_6	Root; k__helio; p__helio_2
SAMEA2622822_286783_3	Root; k__type_1; p__1_1
SAMEA2621259_422702_6	Root; k__type_1
SAMEA2620979_1506124_9	Root; k__type_1; p__1_1
SAMEA2621020_1802545_8	Root; k__type_1; p__1_1
SAMEA2622219_1913081_10	Root; k__type_1
SAMEA2622695_257008_3	Root; k__type_1; p__1_1
SAMEA2620929_1060735_5	Root; k__helio
SAMEA2619766_3681_2	Root; k__type_1; p__1_4
SAMEA2621203_2923126_2	Root; k__type_1
SAMEA2623098_3712549_1	Root; k__helio; p__helio_5
SAMEA2621277_124357_1	Root; k__type_1
SAMEA2621066_800421_5	Root; k__helio; p__helio_2
SAMEA2623868_3012728_1	Root; k__type_1; p__1_1
SAMEA2622766_1551606_7	Root; k__type_1; p__1_1
SAMEA2623426_661152_2	Root; k__type_1
SAMEA2619399_613351_12	Root; k__helio; p__helio_2
SAMEA2620980_803529_3	Root; k__type_1; p__1_1
SAMEA2591057_1203658_3	Root; k__type_1; p__1_1
SAMEA2622173_1414316_2	Root; k__type_1; p__1_1
SAMEA2623135_2689174_3	Root; k__type_1
SAMEA2619667_19289_5	Root; k__helio; p__helio_5
SAMEA2621401_823903_2	Root; k__type_1; p__1_1
SAMEA2622097_1058876_8	Root; k__type_1; p__1_1
SAMEA2621487_408321_6	Root; k__type_1; p__1_1
SAMEA2621037_1374475_3	Root; k__type_1; p__1_1
SAMEA2622219_1309196_5	Root; k__type_1; p__1_1
SAMEA2591108_404444_14	Root; k__type_1
SAMEA2623079_2977145_23	Root; k__type_1; p__1_1
SAMEA2621221_1783646_1_1	Root; k__type_1
SAMEA2622119_2070287_20	Root; k__type_1
SAMEA2623850_1349222_1	Root; k__type_1; p__1_1
SAMEA2620230_1019488_7	Root; k__type_1; p__1_1
SAMEA2621487_2320643_10	Root; k__type_1; p__1_1
SAMEA2621155_1668496_8	Root; k__type_1; p__1_1
SAMEA2623116_1946981_10	Root; k__type_1; p__1_4
SAMEA2623463_1298014_5	Root; k__type_1
SAMEA2620404_2043199_2	Root; k__type_1
SAMEA2620194_864286_4	Root; k__type_1; p__1_1
SAMEA2622452_1302608_8	Root; k__type_1
SAMEA2620756_1063763_7	Root; k__type_1; p__1_1
SAMEA2622119_1961938_5	Root; k__type_1; p__1_1
SAMEA2622119_1080137_3	Root; k__helio; p__helio_2
SAMEA2623446_593122_14	Root; k__type_1; p__1_1
SAMEA2591098_328116_2	Root; k__type_1; p__1_1
SAMEA2623350_2610744_1	Root; k__type_1; p__1_4
SAMEA2620756_674915_11	Root; k__type_1; p__1_1
SAMEA2619376_23633_1	Root; k__type_1; p__1_1
SAMEA2621221_1058152_1	Root; k__type_1; p__1_1
SAMEA2622545_2047045_9	Root; k__type_1; p__1_1
SAMEA2619766_20287_6	Root; k__type_1; p__1_1
SAMEA2623627_2506955_5	Root; k__type_1
SAMEA2622796_1014050_8	Root; k__type_1; p__1_1
SAMEA2620979_1481628_40	Root; k__helio; p__helio_1
SAMEA2622695_1563479_5	Root; k__type_1
SAMEA2623116_2140131_11	Root; k__type_1; p__1_1
SAMEA2622733_715709_4	Root; k__type_1; p__1_1
SAMEA2623116_304172_4	Root; k__type_1
SAMEA2621423_1637224_44	Root; k__type_1; p__1_1
SAMEA2621839_1427054_5	Root; k__type_1; p__1_1
SAMEA2621423_699425_3	Root; k__helio
SAMEA2622074_1425792_4	Root; k__type_1; p__1_1
SAMEA2619376_2780_12	Root; k__type_1; p__1_1
SAMEA2619782_21286_4	Root; k__type_1; p__1_1
SAMEA2619802_8158_5	Root; k__type_1; p__1_1
SAMEA2620979_611737_14	Root
SAMEA2619399_1126117_4	Root
SAMEA2619399_3098676_3	Root; k__type_1; p__1_4
SAMEA2622173_1390368_13	Root; k__helio
SAMEA2623488_649894_6	Root; k__type_1; p__1_1
SAMEA2620979_1151402_17	Root; k__helio
SAMEA2620980_78950_4	Root; k__type_1; p__1_1
SAMEA2619667_30600_4	Root; k__type_1; p__1_1
SAMEA2622452_2661801_9	Root; k__type_1
SAMEA2621259_110584_12	Root; k__type_1; p__1_1
SAMEA2622759_2659135_48	Root; k__type_1; p__1_1
SAMEA2623446_312823_1	Root; k__type_1; p__1_1
SAMEA2620021_1282905_4	Root; k__type_1
SAMEA2619667_5283_3	Root; k__type_1; p__1_1
SAMEA2620970_1559689_3	Root; k__helio
SAMEA2619818_53776_4	Root; k__helio; p__helio_6
SAMEA2620570_157556_5	Root; k__type_1; p__1_4
SAMEA2621401_922516_8	Root; k__type_1; p__1_1
SAMEA2621551_2415381_6	Root; k__helio; p__helio_2
SAMEA2620570_72113_5	Root; k__type_1; p__1_1
SAMEA2619766_9449_4	Root; k__type_1
SAMEA2619548_2483572_4	Root; k__type_1; p__1_1
SAMEA2591074_148564_2	Root; k__type_1; p__1_1
SAMEA2619548_2071805_6	Root; k__type_1; p__1_1
SAMEA2623350_869160_19	Root
SAMEA2622336_713042_22	Root; k__type_1
SAMEA2623446_1097789_5	Root; k__type_1; p__1_1
SAMEA2621259_1155762_5	Root; k__type_1
SAMEA2622673_750013_58	Root; k__type_1; p__1_1
SAMEA2621021_1477045_2	Root; k__helio; p__helio_2
SAMEA2621198_998276_3	Root; k__type_1; p__1_1
SAMEA2622843_1669035_2	Root; k__type_1; p__1_1
SAMEA2620570_1747628_4	Root; k__type_1; p__1_1
SAMEA2623370_2474181_12	Root; k__type_1; p__1_1
SAMEA2621536_1271648_7	Root; k__type_1; p__1_1
SAMEA2619678_1441038_9	Root; k__type_1; p__1_1
SAMEA2622716_671626_6	Root; k__type_1; p__1_1
SAMEA2620570_1097739_1	Root; k__helio; p__helio_2
SAMEA2620970_14670_6	Root; k__type_1; p__1_1
SAMEA2619678_1653047_1	Root; k__helio; p__helio_2
SAMEA2621044_867585_1	Root; k__helio; p__helio_2
SAMEA2591084_1264116_18	Root; k__type_1; p__1_1
SAMEA2622518_1219681_1	Root; k__type_1; p__1_1
SAMEA2621401_154863_2	Root; k__type_1; p__1_1
SAMEA2620970_655405_5	Root; k__type_1; p__1_1
SAMEA2621401_340617_46	Root; k__type_1; p__1_1
SAMEA2623275_180087_4	Root; k__type_1; p__1_4
SAMEA2622219_37775_11	Root; k__type_1; p__1_4
SAMEA2623774_307932_9	Root; k__type_1; p__1_1
SAMEA2620081_762303_3	Root; k__type_1
SAMEA2623116_2219454_19	Root; k__helio; p__helio_1
SAMEA2591108_1316189_2	Root; k__type_1
SAMEA2623426_519468_2	Root; k__type_1; p__1_1
SAMEA2619678_1957727_4	Root; k__type_1; p__1_1
SAMEA2619531_2379000_9	Root; k__type_1
SAMEA2620756_1071958_21	Root; k__type_1; p__1_1
SAMEA2591108_1084475_14	Root; k__type_1; p__1_1
SAMEA2619531_1885298_38	Root; k__type_1
SAMEA2619531_189586_5	Root; k__type_1; p__1_1
SAMEA2623850_1507933_3	Root; k__type_1; p__1_1
SAMEA2621155_623356_8	Root; k__type_1; p__1_1
SAMEA2621423_1305623_9	Root; k__type_1
SAMEA2621278_1955789_69	Root; k__type_1; p__1_1
SAMEA2623116_1528666_34	Root; k__type_1; p__1_1
SAMEA2619678_1610908_6	Root; k__type_1; p__1_1
SAMEA2623275_2836296_7	Root; k__type_1; p__1_1
SAMEA2623275_211308_5	Root; k__type_1; p__1_1
SAMEA2622837_1866954_6	Root; k__type_1; p__1_1
SAMEA2620081_1776017_4	Root; k__helio; p__helio_6
SAMEA2621812_1120067_4	Root; k__type_1; p__1_4
SAMEA2619548_507768_1	Root; k__type_1; p__1_1
SAMEA2622219_4934928_4	Root; k__type_1; p__1_1
SAMEA2623135_3007853_7	Root; k__type_1; p__1_4
SAMEA2619840_2011766_7	Root; k__type_1; p__1_1
SAMEA2620828_822717_10	Root; k__helio; p__helio_2
SAMEA2619667_6_100	Root; k__type_1; p__1_1
SAMEA2622652_7194_6	Root; k__type_1; p__1_1
SAMEA2591108_258251_6	Root; k__type_1; p__1_1
SAMEA2591057_122932_5	Root; k__helio; p__helio_2
SAMEA2623275_1656698_3	Root; k__helio; p__helio_1
SAMEA2623826_734675_4	Root; k__type_1; p__1_1
SAMEA2621423_1973137_5	Root; k__type_1; p__1_1
SAMEA2619782_5007_2	Root; k__type_1; p__1_1
SAMEA2621203_2365200_7	Root; k__type_1; p__1_4
SAMEA2619667_23203_5	Root; k__type_1; p__1_1
SAMEA2619548_790908_1	Root; k__type_1; p__1_1
SAMEA2621221_943826_6	Root; k__helio; p__helio_2
SAMEA2621423_135581_12	Root; k__type_1; p__1_1
SAMEA2622710_1325677_4	Root; k__helio; p__helio_2
SAMEA2621839_1510144_1	Root; k__type_1
SAMEA2622837_1795024_3	Root; k__helio; p__helio_5
SAMEA2623463_950799_6	Root; k__type_1; p__1_1
SAMEA2622376_1127528_12	Root; k__type_1; p__1_1
SAMEA2621075_80152_11	Root; k__type_1
SAMEA2623756_2188174_11	Root; k__type_1; p__1_1
SAMEA2623059_634052_4	Root; k__type_1; p__1_1
SAMEA2619766_6017_3	Root
SAMEA2623350_1005562_55	Root; k__helio; p__helio_1
SAMEA2621487_731305_7	Root; k__type_1; p__1_1
SAMEA2620929_2566542_5	Root; k__type_1; p__1_1
SAMEA2621254_1703435_2	Root; k__type_1; p__1_4
SAMEA2623734_1198553_2	Root
SAMEA2623886_78451_67	Root; k__type_1
SAMEA2621401_1135227_4	Root; k__type_1; p__1_1
SAMEA2620259_644033_4	Root; k__helio; p__helio_2
SAMEA2621075_1617741_83	Root; k__type_1; p__1_1
SAMEA2619782_256_42	Root; k__type_1
SAMEA2619399_1225474_2	Root; k__helio; p__helio_2
SAMEA2623488_1680373_11	Root; k__type_1; p__1_4
SAMEA2621509_991321_3	Root; k__type_1; p__1_1
SAMEA2622173_960915_7	Root; k__type_1
SAMEA2622336_2305698_8	Root; k__type_1
SAMEA2621203_2829073_7	Root; k__type_1
SAMEA2621203_2955107_5	Root; k__type_1
SAMEA2623673_1363681_2	Root; k__helio; p__helio_1
SAMEA2591057_220739_4	Root; k__type_1; p__1_1
SAMEA2623116_2044109_14	Root; k__type_1; p__1_2
SAMEA2619879_1328168_2	Root; k__type_1
SAMEA2619548_2766721_3	Root; k__type_1; p__1_1
SAMEA2620404_1200772_4	Root; k__type_1
SAMEA2621839_1420351_7	Root
SAMEA2620259_388064_5	Root
SAMEA2591084_1221508_2	Root; k__type_1; p__1_1
SAMEA2623116_648899_8	Root; k__type_1; p__1_1
SAMEA2620404_88891_6	Root; k__type_1; p__1_1
SAMEA2622690_2233797_22	Root; k__type_1; p__1_1
SAMEA2619802_10003_5	Root; k__type_1; p__1_1
SAMEA2620979_183907_7	Root; k__type_1
SAMEA2619766_20873_5	Root; k__type_1; p__1_1
SAMEA2621101_2045660_6	Root; k__type_1; p__1_1
SAMEA2621401_1167733_5	Root; k__type_1; p__1_4
SAMEA2622695_914952_5	Root; k__type_1; p__1_1
SAMEA2622765_1488339_1	Root; k__type_1; p__1_1
SAMEA2623673_1203979_5	Root; k__type_1
SAMEA2620081_976445_2	Root; k__helio; p__helio_4
SAMEA2623135_17927_9	Root; k__type_1; p__1_1
SAMEA2621076_1506616_6	Root; k__type_1; p__1_1
SAMEA2619678_1749641_68	Root; k__type_1; p__1_1
SAMEA2619531_1808124_17	Root; k__type_1; p__1_1
SAMEA2620979_150603_5	Root; k__helio
SAMEA2591074_1081096_2	Root; k__type_1; p__1_1
SAMEA2622336_2152978_2	Root; k__type_1; p__1_1
SAMEA2619840_2442763_9	Root; k__type_1; p__1_1
SAMEA2619927_201882_9	Root; k__type_1; p__1_1
SAMEA2623446_141038_15	Root; k__type_1; p__1_1
SAMEA2621812_672916_4	Root; k__type_1; p__1_1
SAMEA2621203_1844378_3	Root; k__helio; p__helio_2
SAMEA2619548_1975742_7	Root; k__type_1
SAMEA2621203_1844378_5	Root; k__helio; p__helio_2
SAMEA2620979_507926_7	Root; k__helio; p__helio_2
SAMEA2622766_1594860_11	Root; k__helio; p__helio_1
SAMEA2620979_1664180_13	Root; k__type_1
SAMEA2622097_275640_5	Root; k__helio; p__helio_2
SAMEA2622716_1773690_1	Root; k__helio; p__helio_1
SAMEA2621839_1344298_11	Root; k__type_1; p__1_1
SAMEA2622822_1630672_4	Root; k__type_1; p__1_1
SAMEA2619548_1468266_6	Root; k__type_1
SAMEA2622074_444128_4	Root; k__type_1; p__1_1
SAMEA2621132_1121046_41	Root; k__type_1
SAMEA2619766_182_57	Root; k__type_1
SAMEA2620570_707034_18	Root; k__helio
SAMEA2591074_701683_4	Root; k__type_1; p__1_1
SAMEA2620979_1867738_2	Root; k__type_1
SAMEA2619531_1472360_67	Root; k__type_1
SAMEA2591108_1486232_13	Root
SAMEA2619802_8520_5	Root; k__type_1; p__1_1
SAMEA2619667_21759_3	Root; k__type_1; p__1_1
SAMEA2621132_2908170_4	Root; k__type_1
SAMEA2619667_7989_1	Root; k__type_1; p__1_1
SAMEA2622817_1699528_1	Root; k__type_1; p__1_1
SAMEA2591108_1188282_2	Root
SAMEA2619399_3150436_25	Root; k__type_1; p__1_1
SAMEA2621020_1944497_3	Root; k__type_1; p__1_1
SAMEA2623116_1826693_7	Root; k__type_1; p__1_1
SAMEA2591108_753937_21	Root; k__type_1
SAMEA2623350_971409_9	Root; k__type_1
SAMEA2619399_1806407_1	Root; k__type_1; p__1_1
SAMEA2619548_2122908_3	Root; k__type_1
SAMEA2619399_1091432_33	Root; k__type_1; p__1_1
SAMEA2622097_782210_14	Root; k__type_1
SAMEA2620970_626409_5	Root; k__type_1; p__1_1
SAMEA2622074_1047232_1	Root; k__type_1; p__1_1
SAMEA2623135_729787_4	Root; k__type_1; p__1_1
SAMEA2622657_1176858_4	Root; k__type_1; p__1_1
SAMEA2621260_1410034_10	Root; k__type_1
SAMEA2621021_1774987_4	Root; k__helio; p__helio_2
SAMEA2623627_921618_15	Root; k__type_1; p__1_1
SAMEA2619399_1276298_4	Root; k__type_1; p__1_1
SAMEA2623275_617564_46	Root; k__type_1
SAMEA2622690_722258_10	Root; k__type_1; p__1_1
SAMEA2623627_2902899_5	Root; k__type_1
SAMEA2620979_620183_10	Root; k__type_1
SAMEA2621254_485619_10	Root; k__type_1
SAMEA2619376_9_147	Root; k__type_1; p__1_1
SAMEA2623673_685916_9	Root; k__helio; p__helio_2
SAMEA2619782_11308_2	Root; k__type_1; p__1_1
SAMEA2620855_847055_7	Root; k__helio
SAMEA2623627_2011180_2	Root; k__type_1; p__1_1
SAMEA2622219_3350067_27	Root; k__type_1; p__1_1
SAMEA2623275_91194_21	Root; k__type_1
SAMEA2620230_2417755_1	Root; k__type_1; p__1_1
SAMEA2619952_182684_6	Root; k__type_1; p__1_4
SAMEA2620217_1364836_15	Root; k__type_1; p__1_1
SAMEA2619399_210770_7	Root; k__type_1; p__1_1
SAMEA2619766_1787_16	Root; k__type_1; p__1_1
SAMEA2621045_731448_4	Root; k__type_1; p__1_1
SAMEA2621260_2036513_4	Root; k__type_1; p__1_1
SAMEA2591098_7452_4	Root; k__type_1; p__1_1
SAMEA2619927_687377_23	Root; k__helio
SAMEA2622822_1682307_3	Root
SAMEA2623868_455242_8	Root; k__type_1
SAMEA2622048_4063490_15	Root; k__type_1; p__1_1
SAMEA2623059_306406_5	Root; k__type_1; p__1_1
SAMEA2619766_27262_4	Root; k__type_1; p__1_1
SAMEA2621839_974553_4	Root; k__helio; p__helio_2
SAMEA2619376_4869_1	Root; k__helio; p__helio_6
SAMEA2619548_337353_18	Root; k__helio
SAMEA2619678_1091987_5	Root; k__type_1; p__1_1
SAMEA2619927_684581_5	Root; k__type_1; p__1_1
SAMEA2620672_245924_1	Root; k__type_1; p__1_1
SAMEA2619548_2593997_5	Root; k__type_1; p__1_1
SAMEA2620979_502983_1	Root; k__helio; p__helio_2
SAMEA2621423_2126125_5	Root; k__helio; p__helio_2
SAMEA2621259_2156440_2	Root; k__type_1
SAMEA2622716_702007_54	Root; k__type_1; p__1_1
SAMEA2622402_2594376_2	Root; k__helio; p__helio_2
SAMEA2623850_417853_8	Root; k__type_1; p__1_1
SAMEA2623079_305571_4	Root; k__type_1; p__1_1
SAMEA2621401_1502271_3	Root; k__type_1; p__1_1
SAMEA2619548_2251627_1	Root; k__type_1; p__1_1
SAMEA2619678_18326_3	Root; k__type_1; p__1_1
SAMEA2619667_33585_3	Root; k__type_1; p__1_1
SAMEA2620979_711672_13	Root; k__type_1
SAMEA2620979_1438904_6	Root; k__helio; p__helio_2
SAMEA2621076_1879790_7	Root; k__type_1; p__1_1
SAMEA2620890_2657093_7	Root; k__type_1; p__1_1
SAMEA2621839_2262449_6	Root; k__type_1
SAMEA2622765_1886921_3	Root; k__type_1
SAMEA2619782_2909_10	Root; k__helio
SAMEA2621509_848262_3	Root; k__type_1
SAMEA2619766_31_105	Root; k__type_1; p__1_1
SAMEA2622822_265222_7	Root; k__type_1; p__1_1
SAMEA2622097_484551_10	Root
SAMEA2622097_160859_6	Root; k__type_1; p__1_4
SAMEA2622765_1913903_3	Root; k__type_1; p__1_1
SAMEA2623673_1254790_4	Root; k__helio; p__helio_2
SAMEA2620995_1049625_3	Root; k__type_1; p__1_1
SAMEA2620980_73288_12	Root; k__helio
SAMEA2621277_1153341_3	Root; k__helio; p__helio_2
SAMEA2620979_119526_3	Root; k__type_1; p__1_4
SAMEA2619782_3066_17	Root; k__type_1; p__1_1
SAMEA2621277_2677024_6	Root; k__helio
SAMEA2619531_913490_5	Root; k__type_1; p__1_1
SAMEA2619531_1176889_5	Root; k__type_1; p__1_1
SAMEA2619782_591_8	Root; k__type_1; p__1_1
SAMEA2591108_1846850_31	Root; k__type_1; p__1_1
SAMEA2621155_1031902_1	Root; k__type_1; p__1_1
SAMEA2621536_1397473_4	Root; k__type_1; p__1_2
SAMEA2619818_14_27	Root; k__type_1
SAMEA2623350_1994256_4	Root; k__type_1
SAMEA2619766_7695_5	Root; k__type_1; p__1_1
SAMEA2622737_2485259_11	Root; k__type_1; p__1_1
SAMEA2623295_1786585_5	Root; k__type_1; p__1_1
SAMEA2619818_43501_4	Root; k__type_1; p__1_1
SAMEA2620980_1434656_26	Root; k__type_1; p__1_1
SAMEA2622219_4955745_1	Root; k__type_1; p__1_1
SAMEA2623059_1072183_4	Root; k__type_1
SAMEA2621203_2823947_5	Root; k__type_1; p__1_1
SAMEA2621536_1493439_1	Root; k__type_1; p__1_1
SAMEA2621254_1331743_28	Root; k__type_1
SAMEA2620404_1120609_47	Root; k__type_1; p__1_1
SAMEA2623116_2940664_5	Root
SAMEA2623135_923473_2	Root; k__helio
SAMEA2619548_753145_1	Root; k__type_1; p__1_1
SAMEA2591057_859571_4	Root; k__type_1; p__1_1
SAMEA2622695_1533629_13	Root; k__type_1
SAMEA2619678_2729700_18	Root; k__type_1; p__1_1
SAMEA2622822_2047507_2_17	Root; k__type_1; p__1_1
SAMEA2621044_1425279_9	Root; k__type_1; p__1_1
SAMEA2620035_696094_2	Root; k__type_1; p__1_1
SAMEA2619531_1759950_9	Root; k__helio
SAMEA2619399_1376213_11	Root; k__type_1; p__1_1
SAMEA2621536_338737_1	Root; k__type_1; p__1_1
SAMEA2619802_1232_8	Root; k__type_1; p__1_1
SAMEA2621021_1271163_1	Root; k__type_1; p__1_1
SAMEA2621401_490410_5	Root; k__type_1; p__1_1
SAMEA2620979_1724555_6	Root; k__type_1; p__1_1
SAMEA2622119_600187_5	Root; k__type_1; p__1_1
SAMEA2621216_3319480_3	Root; k__type_1; p__1_1
SAMEA2591108_975459_9	Root; k__helio; p__helio_1
SAMEA2623756_1610606_9	Root; k__type_1; p__1_1
SAMEA2619531_1154619_39	Root; k__type_1
SAMEA2619531_1704938_6	Root; k__type_1; p__1_1
SAMEA2621203_2456461_6	Root; k__type_1; p__1_1
SAMEA2621812_1247311_6	Root; k__helio; p__helio_1
SAMEA2620979_142417_3	Root; k__type_1; p__1_1
SAMEA2621277_2913178_6	Root; k__helio; p__helio_2
SAMEA2619548_526558_7	Root; k__helio; p__helio_2
SAMEA2622149_1580937_8	Root; k__type_1; p__1_1
SAMEA2621812_806454_6	Root; k__type_1; p__1_1
SAMEA2622545_2054560_9	Root
SAMEA2621132_2316690_6	Root
SAMEA2591108_137790_3	Root; k__type_1; p__1_1
SAMEA2619952_2171235_5	Root; k__type_1; p__1_4
SAMEA2621401_563216_5	Root; k__type_1; p__1_1
SAMEA2621013_884942_9	Root; k__type_1
SAMEA2623116_321478_11	Root; k__type_1; p__1_1
SAMEA2619782_23792_4	Root; k__type_1; p__1_1
SAMEA2622716_1257898_1	Root; k__helio; p__helio_1
SAMEA2620980_1294662_12	Root; k__type_1; p__1_1
SAMEA2623673_2544784_8	Root; k__type_1
SAMEA2620950_1008285_8	Root; k__type_1; p__1_1
SAMEA2619782_199_27	Root; k__helio; p__helio_2
SAMEA2623734_1132328_2	Root; k__type_1; p__1_1
SAMEA2619766_9023_2	Root; k__type_1; p__1_1
SAMEA2622823_686852_9	Root; k__helio; p__helio_2
SAMEA2621176_565324_14	Root
SAMEA2619667_4709_2	Root; k__type_1; p__1_1
SAMEA2623116_1093330_5	Root; k__helio
SAMEA2620542_2360595_9	Root; k__type_1; p__1_4
SAMEA2622219_3799170_1	Root; k__type_1; p__1_1
SAMEA2619782_824_33	Root; k__type_1; p__1_1
SAMEA2622737_90202_6	Root; k__type_1; p__1_1
SAMEA2620980_1827033_1	Root; k__type_1; p__1_1
SAMEA2623463_2283511_7	Root; k__helio
SAMEA2620979_1700973_6	Root; k__helio; p__helio_2
SAMEA2619766_9993_9	Root; k__type_1; p__1_1
SAMEA2619548_2544255_2	Root; k__type_1; p__1_1
SAMEA2621076_595160_3	Root; k__type_1; p__1_1
SAMEA2621132_2275075_1	Root; k__type_1
SAMEA2591057_247080_11	Root; k__type_1; p__1_4
SAMEA2622173_923146_2	Root; k__type_1
SAMEA2621277_443545_1	Root; k__helio; p__helio_2
SAMEA2622715_2021598_4	Root; k__type_1; p__1_1
SAMEA2619782_25656_1	Root; k__helio; p__helio_2
SAMEA2622219_2540856_5	Root; k__helio
SAMEA2621509_1503325_5	Root; k__type_1; p__1_1
SAMEA2620570_1414620_4	Root; k__type_1; p__1_1
SAMEA2621401_1709746_2	Root; k__helio; p__helio_2
SAMEA2620980_1977965_73	Root; k__type_1; p__1_1
SAMEA2623488_1867846_3	Root; k__type_1; p__1_1
SAMEA2621075_1406407_2	Root; k__helio; p__helio_2
SAMEA2620979_525353_2	Root; k__type_1; p__1_1
SAMEA2619782_2705_5	Root; k__helio
SAMEA2623627_1806757_7	Root; k__type_1; p__1_1
SAMEA2620929_2023546_4	Root; k__type_1
SAMEA2622690_2123894_35	Root; k__type_1; p__1_1
SAMEA2619952_1850203_9	Root; k__type_1; p__1_1
SAMEA2619766_4779_3	Root; k__type_1; p__1_1
SAMEA2621277_2071324_5	Root
SAMEA2621536_1751056_1	Root; k__type_1; p__1_1
SAMEA2621020_717986_6	Root; k__type_1; p__1_1
SAMEA2623463_1416886_15	Root; k__type_1
SAMEA2621859_1171286_4	Root; k__type_1; p__1_1
SAMEA2591122_1883563_6	Root; k__type_1; p__1_1
SAMEA2621423_780388_18	Root; k__helio; p__helio_2
SAMEA2621779_336054_2	Root; k__type_1; p__1_1
SAMEA2619782_88_121	Root; k__type_1; p__1_1
SAMEA2621203_2414665_8	Root; k__type_1; p__1_1
SAMEA2621044_1402150_3	Root; k__type_1; p__1_1
SAMEA2621020_1230925_8	Root; k__type_1; p__1_1
SAMEA2619678_663006_9	Root; k__type_1; p__1_1
SAMEA2621013_409468_1	Root; k__type_1; p__1_1
SAMEA2621021_2097730_5	Root; k__type_1; p__1_1
SAMEA2621075_1283535_6	Root; k__type_1; p__1_1
SAMEA2623135_753636_12	Root; k__type_1; p__1_4
SAMEA2622402_1524300_1	Root; k__type_1; p__1_1
SAMEA2621779_1732751_1	Root; k__helio; p__helio_1
SAMEA2622097_262053_2	Root; k__helio
SAMEA2619531_560971_21	Root; k__helio
SAMEA2620217_79258_1	Root; k__type_1; p__1_1
SAMEA2621198_1279953_1	Root; k__type_1; p__1_1
SAMEA2621203_2685613_1	Root; k__type_1; p__1_1
SAMEA2621044_95932_10	Root; k__type_1; p__1_1
SAMEA2623350_2234540_13	Root; k__helio; p__helio_1
SAMEA2620570_2083245_18	Root; k__helio; p__helio_2
SAMEA2621812_1161027_3	Root; k__type_1; p__1_1
SAMEA2622690_289829_6	Root; k__type_1; p__1_1
SAMEA2623850_2043511_9	Root; k__type_1; p__1_1
SAMEA2620979_2490_43	Root; k__helio; p__helio_2
SAMEA2621839_1606434_4	Root; k__helio; p__helio_2
SAMEA2622173_969665_7	Root; k__type_1; p__1_1
SAMEA2619399_1743454_8	Root; k__type_1; p__1_1
SAMEA2622715_305105_15	Root; k__type_1; p__1_1
SAMEA2591122_833909_15	Root; k__type_1
SAMEA2620786_4923486_8	Root; k__type_1; p__1_1
SAMEA2621075_3104626_3	Root
SAMEA2621423_2142936_9	Root; k__helio; p__helio_2
SAMEA2622696_1585831_5	Root; k__type_1; p__1_1
SAMEA2622499_2723343_10	Root; k__helio; p__helio_5
SAMEA2591108_839884_8	Root; k__type_1
SAMEA2623463_1888647_1	Root; k__type_1; p__1_1
SAMEA2622715_740254_1	Root; k__type_1; p__1_1
SAMEA2623116_2122016_6	Root; k__type_1
SAMEA2620979_335054_60	Root
SAMEA2621812_555212_2	Root; k__type_1; p__1_1
SAMEA2619766_6195_2	Root; k__type_1; p__1_1
SAMEA2622822_631553_10	Root; k__type_1; p__1_1
SAMEA2621132_2164118_5	Root
SAMEA2622822_96969_13	Root; k__type_1; p__1_1
SAMEA2623850_2812431_8	Root; k__type_1; p__1_1
SAMEA2620259_221148_2	Root; k__type_1
SAMEA2622733_2415006_4	Root; k__helio
SAMEA2620404_627449_3	Root; k__type_1
SAMEA2623868_1089273_4	Root; k__type_1
SAMEA2622695_1121619_3	Root; k__helio; p__helio_2
SAMEA2622452_2351945_2	Root; k__type_1
SAMEA2622545_3368333_3	Root
SAMEA2621859_166720_2	Root; k__type_1; p__1_1
SAMEA2623135_1829851_3	Root; k__helio; p__helio_2
SAMEA2621401_660077_17	Root; k__type_1; p__1_1
SAMEA2620979_1794892_8	Root; k__helio; p__helio_2
SAMEA2621259_959127_7	Root; k__type_1
SAMEA2620979_779177_31	Root; k__helio; p__helio_1
SAMEA2620929_2652982_9	Root; k__helio
SAMEA2622097_927456_5	Root; k__type_1; p__1_1
SAMEA2619907_993517_7	Root; k__type_1; p__1_1
SAMEA2591108_1566718_8	Root; k__helio; p__helio_1
SAMEA2622737_105518_8	Root; k__type_1; p__1_1
SAMEA2622817_2205006_3	Root; k__type_1; p__1_1
SAMEA2622478_1156587_9	Root; k__type_1; p__1_1
SAMEA2622219_427212_40	Root; k__type_1; p__1_4
SAMEA2591122_2086576_16	Root; k__helio
SAMEA2622173_306061_2	Root; k__type_1; p__1_1
SAMEA2622837_2096723_10	Root; k__helio
SAMEA2591122_2062803_1	Root; k__type_1; p__1_1
SAMEA2620570_2920566_31	Root; k__helio; p__helio_2
SAMEA2619548_2641415_7	Root; k__type_1; p__1_1
SAMEA2622715_831929_1	Root; k__type_1
SAMEA2622452_893631_27	Root; k__type_1
SAMEA2619952_1036197_58	Root; k__type_1; p__1_1
SAMEA2622173_64069_5	Root; k__type_1; p__1_1
SAMEA2623673_2738806_4	Root; k__helio; p__helio_2
SAMEA2622765_1234001_1	Root; k__type_1; p__1_1
SAMEA2621839_1204447_22	Root; k__helio; p__helio_2
SAMEA2591108_324124_2	Root; k__type_1; p__1_1
SAMEA2622021_2078144_11	Root; k__type_1; p__1_1
SAMEA2622545_2011300_13	Root; k__helio
SAMEA2620980_1429918_4	Root; k__type_1; p__1_1
SAMEA2623116_1479855_4	Root; k__type_1
SAMEA2622376_323604_7	Root; k__helio; p__helio_2
SAMEA2623919_2256086_20	Root; k__helio; p__helio_2
SAMEA2623059_369076_2	Root; k__type_1; p__1_1
SAMEA2622173_353884_8	Root; k__type_1
SAMEA2623116_3701610_5	Root; k__type_1; p__1_1
SAMEA2622716_529501_37	Root; k__type_1; p__1_1
SAMEA2621812_1111157_17	Root; k__helio; p__helio_1
SAMEA2622677_716203_5	Root; k__type_1; p__1_1
SAMEA2621487_16548_9	Root; k__type_1; p__1_1
SAMEA2591074_57460_56	Root; k__type_1; p__1_1
SAMEA2621044_506239_4	Root; k__type_1; p__1_1
SAMEA2619376_158_1	Root; k__type_1; p__1_1
SAMEA2621423_1106059_48	Root; k__helio; p__helio_2
SAMEA2621259_1472578_12	Root; k__type_1; p__1_4
SAMEA2619952_73710_5	Root; k__type_1
SAMEA2622119_2716895_4	Root; k__type_1; p__1_1
SAMEA2621044_205772_6	Root; k__helio; p__helio_2
SAMEA2621044_205772_5	Root; k__helio; p__helio_2
SAMEA2620035_1387165_2	Root; k__type_1; p__1_1
SAMEA2622545_2581228_23	Root
SAMEA2622219_2274403_8	Root; k__helio; p__helio_6
SAMEA2621259_855083_6	Root; k__type_1; p__1_1
SAMEA2622842_1298022_6	Root; k__helio; p__helio_2
SAMEA2622842_1298022_5	Root; k__helio; p__helio_2
SAMEA2620929_1600779_6	Root; k__type_1; p__1_1
SAMEA2620980_493799_4	Root; k__type_1
SAMEA2591057_863623_6	Root; k__helio
SAMEA2619766_7721_9	Root; k__type_1; p__1_1
SAMEA2591057_732871_14	Root; k__helio; p__helio_5
SAMEA2623774_2704369_6	Root; k__type_1; p__1_1
SAMEA2621812_902089_3	Root; k__type_1; p__1_1
SAMEA2591108_321857_2	Root; k__helio
SAMEA2622097_1172778_23	Root; k__helio; p__helio_2
SAMEA2620404_982624_4	Root; k__helio; p__helio_5
SAMEA2622716_1030288_9	Root; k__type_1; p__1_1
SAMEA2623350_824910_38	Root; k__type_1; p__1_1
SAMEA2620979_640358_3	Root
SAMEA2619766_2573_7	Root; k__type_1; p__1_1
SAMEA2621203_1529354_27	Root; k__type_1
SAMEA2622097_1861054_3	Root
SAMEA2591122_173472_2	Root; k__helio
SAMEA2621536_1796564_8	Root; k__helio; p__helio_2
SAMEA2621423_114221_7	Root; k__type_1; p__1_1
SAMEA2620570_2386256_9	Root; k__helio
SAMEA2620570_636905_3	Root; k__helio; p__helio_2
SAMEA2622843_481120_6	Root; k__type_1; p__1_1
SAMEA2622316_2293221_27	Root; k__helio; p__helio_1
SAMEA2619376_7796_10	Root; k__type_1; p__1_1
SAMEA2591084_1427084_6	Root; k__type_1; p__1_1
SAMEA2619531_1981955_46	Root
SAMEA2619548_440876_7	Root; k__helio; p__helio_2
SAMEA2623627_1971532_20	Root; k__type_1; p__1_1
SAMEA2622478_2583172_58	Root; k__helio; p__helio_6
SAMEA2620979_1731696_5	Root; k__type_1; p__1_1
SAMEA2622765_419460_5	Root; k__type_1; p__1_1
SAMEA2619531_1797533_1	Root; k__type_1; p__1_1
SAMEA2623919_1689955_2	Root; k__type_1; p__1_4
SAMEA2623079_983029_8	Root; k__type_1
SAMEA2621509_1177852_14	Root; k__type_1
SAMEA2621221_1254956_3	Root
SAMEA2620570_2889169_7	Root
SAMEA2623275_2203669_5	Root; k__type_1; p__1_1
SAMEA2623463_1412153_8	Root; k__type_1
SAMEA2622119_1098617_3	Root; k__helio; p__helio_2
SAMEA2621075_2180411_7	Root; k__type_1
SAMEA2621423_1321137_5	Root; k__helio; p__helio_2
SAMEA2621536_822057_2	Root; k__type_1
SAMEA2623850_2607490_4	Root; k__type_1; p__1_1
SAMEA2619678_1473991_1	Root; k__type_1; p__1_1
SAMEA2621045_1145120_9	Root; k__type_1; p__1_1
SAMEA2622074_1468380_3	Root; k__type_1; p__1_1
SAMEA2623135_1985228_7	Root; k__type_1
SAMEA2620081_1978164_5	Root; k__type_1; p__1_1
SAMEA2620217_1394080_25	Root; k__type_1
SAMEA2619376_2008_14	Root; k__type_1
SAMEA2619667_11624_8	Root; k__helio; p__helio_2
SAMEA2619667_11624_9	Root; k__helio; p__helio_2
SAMEA2620979_1853374_2	Root; k__type_1
SAMEA2620970_436804_8	Root; k__type_1
SAMEA2619840_630085_6	Root; k__type_1; p__1_1
SAMEA2620194_2396872_1	Root; k__type_1; p__1_1
SAMEA2623919_2110347_4	Root; k__type_1
SAMEA2621487_1689284_2	Root; k__type_1; p__1_1
SAMEA2621277_1263332_17	Root
SAMEA2620570_1678108_6	Root; k__type_1; p__1_1
SAMEA2623426_1159016_10	Root; k__type_1
SAMEA2621203_2258910_8	Root; k__type_1
SAMEA2619927_1129017_7	Root; k__type_1
SAMEA2622219_1395153_22	Root; k__type_1
SAMEA2621076_131175_4	Root; k__type_1; p__1_1
SAMEA2619952_2510919_4	Root; k__type_1; p__1_1
SAMEA2619667_26627_3	Root; k__type_1; p__1_1
SAMEA2623886_1295984_8	Root; k__helio; p__helio_2
SAMEA2623116_3441384_1	Root; k__type_1; p__1_1
SAMEA2621812_1612627_11	Root; k__type_1; p__1_1
SAMEA2623627_2146001_11	Root; k__helio; p__helio_1
SAMEA2621859_988221_2	Root; k__type_1; p__1_1
SAMEA2622021_240472_3	Root; k__type_1; p__1_1
SAMEA2621551_1300142_18	Root; k__type_1; p__1_1
SAMEA2621260_416501_11	Root; k__type_1
SAMEA2619818_1880_2	Root; k__type_1; p__1_1
SAMEA2620570_2523411_42	Root; k__helio; p__helio_1
SAMEA2620666_7377_6	Root; k__type_1; p__1_1
SAMEA2619857_312267_4	Root; k__type_1; p__1_1
SAMEA2621259_853896_86	Root; k__type_1; p__1_4
SAMEA2621536_1946247_19	Root; k__helio; p__helio_1
SAMEA2620570_39001_3	Root; k__helio
SAMEA2622766_1574710_4	Root; k__helio; p__helio_1
SAMEA2621203_1697849_8	Root; k__type_1; p__1_4
SAMEA2621076_1668500_11	Root; k__type_1; p__1_1
SAMEA2619766_675_32	Root; k__type_1; p__1_1
SAMEA2622097_956147_1	Root
SAMEA2620542_2387917_7	Root; k__type_1; p__1_1
SAMEA2622452_3082956_40	Root; k__type_1; p__1_1
SAMEA2620855_2026574_3	Root; k__type_1; p__1_1
SAMEA2620980_1330703_1	Root; k__type_1
SAMEA2619531_2026006_3	Root; k__type_1; p__1_1
SAMEA2621203_3080127_11	Root; k__type_1
SAMEA2619879_861072_4	Root; k__type_1; p__1_1
SAMEA2621132_1222481_8	Root; k__type_1
SAMEA2623116_3599626_3	Root; k__type_1; p__1_1
SAMEA2620230_2190611_3	Root; k__type_1
SAMEA2619399_1500208_6	Root; k__type_1
SAMEA2619667_10185_1	Root; k__type_1; p__1_1
SAMEA2619667_8827_6	Root; k__type_1; p__1_1
SAMEA2621536_1601225_25	Root; k__type_1; p__1_1
SAMEA2623135_2766230_14	Root
SAMEA2591108_904013_4	Root; k__type_1; p__1_1
SAMEA2623734_3302266_2	Root; k__type_1; p__1_1
SAMEA2622219_4428129_8	Root; k__helio; p__helio_1
SAMEA2621203_1186571_3	Root; k__helio
SAMEA2623426_882410_15	Root; k__type_1; p__1_1
SAMEA2619857_851895_7	Root; k__type_1; p__1_1
SAMEA2623488_696690_3	Root; k__helio; p__helio_2
SAMEA2623734_442078_34	Root; k__helio
SAMEA2622119_1539659_4	Root; k__type_1; p__1_1
SAMEA2621551_337221_55	Root; k__type_1; p__1_1
SAMEA2621203_1962128_79	Root; k__type_1
SAMEA2591108_1477953_5	Root; k__type_1; p__1_1
SAMEA2620979_1840891_35	Root
SAMEA2622695_457070_14	Root; k__type_1; p__1_1
SAMEA2622843_2054554_2	Root; k__type_1; p__1_1
SAMEA2620230_1436894_6	Root; k__type_1; p__1_1
SAMEA2621221_1884876_1	Root; k__type_1; p__1_1
SAMEA2619548_2353923_4	Root; k__type_1; p__1_1
SAMEA2619927_1173795_5	Root; k__type_1
SAMEA2623275_899171_8	Root; k__helio; p__helio_1
SAMEA2621812_1070609_4	Root; k__type_1
SAMEA2620979_181175_36	Root; k__type_1
SAMEA2621203_1098736_3	Root; k__type_1
SAMEA2623919_2489269_6	Root; k__type_1
SAMEA2620035_105879_11	Root; k__type_1; p__1_1
SAMEA2621203_1184903_11	Root; k__type_1
SAMEA2621203_2140394_7	Root; k__helio; p__helio_1
SAMEA2591074_886735_4	Root; k__type_1; p__1_1
SAMEA2591122_1007180_16	Root; k__type_1; p__1_1
SAMEA2591074_1191599_6	Root; k__type_1; p__1_1
SAMEA2621203_1704304_20	Root; k__type_1
SAMEA2620230_2286053_1	Root; k__type_1
SAMEA2619548_2636264_3	Root; k__helio; p__helio_2
SAMEA2621076_456651_16	Root; k__type_1
SAMEA2623059_1154397_4	Root; k__type_1; p__1_1
SAMEA2623116_3647135_21	Root; k__type_1
SAMEA2623116_586073_1	Root; k__type_1; p__1_1
SAMEA2623275_1540443_60	Root; k__type_1; p__1_4
SAMEA2621277_2007850_2	Root; k__helio
SAMEA2622173_805926_18	Root; k__type_1
SAMEA2619927_781061_3	Root; k__type_1; p__1_1
SAMEA2621287_2831940_5	Root; k__type_1; p__1_1
SAMEA2622074_1164127_5	Root; k__helio; p__helio_2
SAMEA2619927_753932_4	Root; k__type_1
SAMEA2620979_1275798_1	Root; k__helio; p__helio_2
SAMEA2621551_160655_2	Root; k__type_1; p__1_1
SAMEA2620217_1043587_3	Root; k__type_1; p__1_1
SAMEA2622149_2236601_6	Root; k__type_1; p__1_1
SAMEA2621132_1461146_4	Root
SAMEA2620786_4114222_1	Root; k__type_1; p__1_1
SAMEA2621401_1664153_2	Root; k__helio; p__helio_2
SAMEA2620979_1594719_8	Root; k__helio
SAMEA2621812_1814825_77	Root; k__type_1; p__1_1
SAMEA2622219_1383220_7	Root; k__type_1; p__1_1
SAMEA2622336_531757_3	Root; k__type_1; p__1_1
SAMEA2622822_1729720_2	Root; k__type_1; p__1_1
SAMEA2619531_1397858_3	Root; k__helio; p__helio_2
SAMEA2620651_540485_5	Root; k__helio
SAMEA2621839_2098079_4	Root; k__helio; p__helio_1
SAMEA2619531_1397858_4	Root; k__helio; p__helio_2
SAMEA2620000_576241_7	Root; k__type_1
SAMEA2622695_1379306_2	Root; k__type_1; p__1_1
SAMEA2619399_851392_2	Root; k__type_1
SAMEA2619927_687377_7	Root; k__helio
SAMEA2621536_1978433_22	Root; k__type_1; p__1_1
SAMEA2620950_2505_4	Root; k__type_1; p__1_1
SAMEA2621132_1133525_6	Root; k__type_1
SAMEA2621259_292899_5	Root; k__type_1
SAMEA2622766_1082289_20	Root; k__type_1
SAMEA2621076_940612_6	Root; k__type_1; p__1_1
SAMEA2621278_1852588_2	Root; k__type_1; p__1_1
SAMEA2621839_2102482_1	Root; k__type_1; p__1_1
SAMEA2623116_1885203_34	Root; k__helio
SAMEA2620194_157481_3	Root; k__type_1
SAMEA2620230_2419789_23	Root; k__type_1; p__1_1
SAMEA2591122_492929_4	Root; k__type_1; p__1_1
SAMEA2620194_99719_20	Root; k__type_1
SAMEA2619766_218_2	Root; k__type_1; p__1_1
SAMEA2619667_7886_12	Root; k__type_1; p__1_1
SAMEA2619678_1907446_76	Root; k__type_1; p__1_1
SAMEA2620666_18746_4	Root; k__type_1; p__1_1
SAMEA2621509_1088796_2	Root; k__type_1; p__1_2
SAMEA2621859_1006678_27	Root; k__type_1; p__1_1
SAMEA2620979_650057_1	Root; k__type_1
SAMEA2620404_1060125_7	Root; k__type_1; p__1_1
SAMEA2591084_509138_9	Root; k__type_1; p__1_1
SAMEA2621020_1996741_53	Root; k__type_1
SAMEA2621423_409853_6	Root; k__type_1
SAMEA2620979_1300252_6	Root; k__type_1; p__1_4
SAMEA2619399_1271467_1	Root; k__type_1
SAMEA2622658_488840_2	Root; k__type_1; p__1_1
SAMEA2623135_1481465_8	Root; k__helio; p__helio_2
SAMEA2620929_65453_4	Root; k__type_1; p__1_1
SAMEA2623135_2735055_17	Root; k__type_1; p__1_1
SAMEA2619766_16255_2	Root; k__type_1; p__1_1
SAMEA2623350_2385066_7	Root; k__type_1; p__1_1
SAMEA2623116_2257857_4	Root; k__type_1
SAMEA2621812_90986_9	Root; k__type_1; p__1_1
SAMEA2621423_2060803_4	Root; k__type_1; p__1_1
SAMEA2621075_2512630_4	Root; k__type_1; p__1_1
SAMEA2621839_1335039_1	Root; k__type_1; p__1_1
SAMEA2622316_176218_2	Root; k__helio
SAMEA2591074_483174_23	Root; k__type_1; p__1_1
SAMEA2619802_4419_11	Root; k__type_1; p__1_1
SAMEA2623426_1027111_7	Root; k__helio; p__helio_4
SAMEA2623627_242534_3	Root; k__type_1; p__1_1
SAMEA2620194_2510007_3	Root; k__type_1; p__1_1
SAMEA2591122_2271310_3	Root; k__type_1; p__1_1
SAMEA2620570_747590_15	Root; k__helio; p__helio_2
SAMEA2623426_2654996_3	Root; k__type_1; p__1_1
SAMEA2622173_654706_7	Root; k__type_1; p__1_1
SAMEA2623463_2210608_14	Root; k__type_1; p__1_1
SAMEA2619678_705728_76	Root; k__type_1; p__1_1
SAMEA2621132_2828502_13	Root; k__type_1; p__1_1
SAMEA2619766_35337_4	Root; k__type_1; p__1_1
SAMEA2623079_383332_3	Root; k__type_1; p__1_1
SAMEA2622715_2030262_12	Root; k__type_1
SAMEA2621812_1552746_3	Root; k__type_1
SAMEA2619766_3128_15	Root; k__type_1; p__1_1
SAMEA2591122_830771_8	Root; k__type_1
SAMEA2621423_1592239_6	Root; k__helio; p__helio_2
SAMEA2622316_2240009_3	Root; k__type_1
SAMEA2619399_784069_6	Root; k__type_1; p__1_1
SAMEA2621536_1986778_5	Root; k__type_1; p__1_1
SAMEA2619376_6932_7	Root; k__type_1; p__1_1
SAMEA2621216_3089919_3	Root; k__helio
SAMEA2619952_2362315_9	Root; k__type_1; p__1_1
SAMEA2621551_2365717_3	Root; k__type_1; p__1_1
SAMEA2621021_1019528_3	Root; k__type_1; p__1_1
SAMEA2619667_9487_7	Root; k__type_1; p__1_1
SAMEA2619766_7683_1	Root; k__type_1; p__1_1
SAMEA2619399_1989091_13	Root; k__type_1
SAMEA2591074_375964_11	Root; k__type_1; p__1_1
SAMEA2622695_2065386_3	Root; k__type_1; p__1_1
SAMEA2622923_123286_11	Root; k__type_1; p__1_1
SAMEA2621076_2297893_5	Root; k__type_1; p__1_1
SAMEA2621076_1002331_8	Root; k__type_1; p__1_1
SAMEA2621779_206680_9	Root; k__type_1; p__1_1
SAMEA2621509_758605_2	Root; k__type_1; p__1_1
SAMEA2622219_4931132_1	Root; k__type_1; p__1_1
SAMEA2623627_1855253_2	Root; k__type_1; p__1_1
SAMEA2619782_18560_9	Root; k__helio; p__helio_6
SAMEA2623275_2582910_1	Root; k__type_1; p__1_1
SAMEA2622219_4424780_3	Root; k__type_1; p__1_1
SAMEA2622652_7801_5	Root; k__type_1; p__1_1
SAMEA2621423_1552228_3	Root; k__type_1; p__1_1
SAMEA2623868_1205902_3	Root; k__helio; p__helio_2
SAMEA2622219_3735296_4	Root; k__type_1
SAMEA2620980_65050_68	Root; k__type_1; p__1_1
SAMEA2620828_1493979_5_split_2	Root; k__helio
SAMEA2620828_1493979_5_split_1	Root; k__helio
SAMEA2620339_2134054_13	Root; k__type_1
SAMEA2619531_1173413_22	Root; k__type_1
SAMEA2623826_2834261_1	Root; k__type_1
SAMEA2621132_3311040_29	Root; k__type_1
SAMEA2623390_2005742_4	Root; k__type_1; p__1_1
SAMEA2619399_1397592_7	Root; k__type_1; p__1_1
SAMEA2619766_4908_2	Root; k__type_1; p__1_1
SAMEA2622362_1333351_12	Root; k__type_1; p__1_1
SAMEA2621242_1307226_86	Root; k__helio; p__helio_6
SAMEA2619531_812357_1	Root; k__type_1; p__1_1
SAMEA2620970_236937_2	Root; k__type_1; p__1_4
SAMEA2621839_1130732_22	Root; k__helio
SAMEA2622316_213743_4	Root
SAMEA2621277_3096713_3	Root; k__helio; p__helio_2
SAMEA2622478_784896_10	Root; k__type_1; p__1_1
SAMEA2621259_182200_7	Root; k__type_1
SAMEA2622822_834132_5	Root; k__helio
SAMEA2623734_2276203_29	Root; k__type_1
SAMEA2591108_508452_2	Root; k__type_1; p__1_1
SAMEA2622695_1391709_7	Root; k__type_1
SAMEA2622316_2222703_19	Root; k__helio
SAMEA2622766_1755535_8	Root; k__type_1
SAMEA2621176_2169514_3_split_1	Root; k__helio
SAMEA2621176_2169514_3_split_2	Root; k__helio; p__helio_2
SAMEA2620979_1482444_6	Root; k__type_1
SAMEA2623627_1525500_12	Root; k__type_1; p__1_1
SAMEA2621075_2935068_2	Root; k__type_1; p__1_1
SAMEA2621551_2619725_4	Root; k__type_1; p__1_1
SAMEA2619782_3477_5	Root; k__type_1; p__1_1
SAMEA2620979_662545_4	Root; k__type_1; p__1_1
SAMEA2620980_1493497_4	Root; k__helio
SAMEA2620980_19116_14	Root; k__type_1; p__1_1
SAMEA2620570_292808_2	Root; k__type_1; p__1_1
SAMEA2622097_1132801_5	Root; k__type_1; p__1_4
SAMEA2622316_434266_5	Root; k__type_1; p__1_1
SAMEA2623627_556729_8	Root; k__type_1; p__1_1
SAMEA2620979_1192201_8	Root; k__type_1
SAMEA2622657_1561873_9	Root; k__type_1; p__1_4
SAMEA2623627_1549160_3	Root; k__type_1; p__1_1
SAMEA2623135_239033_3	Root; k__type_1; p__1_1
SAMEA2621839_90689_3	Root
SAMEA2623919_1184092_5	Root; k__type_1; p__1_2
SAMEA2621487_693183_2	Root; k__type_1; p__1_2
SAMEA2619927_1264471_3	Root; k__type_1
SAMEA2621075_1126699_2	Root
SAMEA2623370_1093360_2	Root; k__type_1; p__1_1
SAMEA2621839_2216306_3	Root; k__type_1; p__1_1
SAMEA2621839_759274_12	Root
SAMEA2623390_509341_3	Root; k__type_1; p__1_1
SAMEA2620979_610591_6	Root; k__type_1; p__1_1
SAMEA2620855_383706_6	Root; k__type_1
SAMEA2619818_3383_4	Root; k__type_1; p__1_1
SAMEA2621278_2132769_13	Root; k__type_1; p__1_1
SAMEA2621075_1882793_3	Root; k__type_1; p__1_1
SAMEA2622518_556882_2	Root; k__type_1; p__1_1
SAMEA2622097_328144_2	Root; k__helio; p__helio_2
SAMEA2591122_592547_5	Root; k__type_1
SAMEA2623673_1734317_36	Root; k__type_1
SAMEA2623463_92848_8	Root; k__helio; p__helio_2
SAMEA2622219_1361490_12	Root; k__helio; p__helio_1
